frame,x0,y0,z0,v0,x1,y1,z1,v1,x2,y2,z2,v2,x3,y3,z3,v3,x4,y4,z4,v4,x5,y5,z5,v5,x6,y6,z6,v6,x7,y7,z7,v7,x8,y8,z8,v8,x9,y9,z9,v9,x10,y10,z10,v10,x11,y11,z11,v11,x12,y12,z12,v12,x13,y13,z13,v13,x14,y14,z14,v14,x15,y15,z15,v15,x16,y16,z16,v16,x17,y17,z17,v17,x18,y18,z18,v18,x19,y19,z19,v19,x20,y20,z20,v20,x21,y21,z21,v21,x22,y22,z22,v22,x23,y23,z23,v23,x24,y24,z24,v24,x25,y25,z25,v25,x26,y26,z26,v26,x27,y27,z27,v27,x28,y28,z28,v28,x29,y29,z29,v29,x30,y30,z30,v30,x31,y31,z31,v31,x32,y32,z32,v32
0,0.8945881128311157,0.07144512236118317,-0.5479574203491211,0.9246891140937805,0.8861115574836731,0.058713339269161224,-0.5704003572463989,0.9303840398788452,0.885798454284668,0.05719445273280144,-0.5702157616615295,0.9332562685012817,0.8857303857803345,0.05575953796505928,-0.570388674736023,0.9270235896110535,0.8862596154212952,0.06812713295221329,-0.5908913016319275,0.9300082325935364,0.8857406973838806,0.07316023111343384,-0.5906633138656616,0.933039128780365,0.8852323889732361,0.07832877337932587,-0.5907668471336365,0.930109441280365,0.889370322227478,0.0874149426817894,-0.5280556082725525,0.9275642037391663,0.8907237648963928,0.1163129210472107,-0.6150580644607544,0.936064600944519,0.8991276621818542,0.09461158514022827,-0.507218599319458,0.926875114440918,0.8968430757522583,0.10604403913021088,-0.5334749817848206,0.9305253624916077,0.8950020670890808,0.10581739246845245,-0.42058610916137695,0.9296526908874512,0.9187562465667725,0.29666197299957275,-0.4503788650035858,0.925854504108429,0.8327085375785828,0.043840035796165466,-0.2541373670101166,0.8907499313354492,0.8671740889549255,0.33991217613220215,-0.30468040704727173,0.8966533541679382,0.7715068459510803,0.07872462272644043,-0.13407744467258453,0.8825046420097351,0.7970210909843445,0.2584933638572693,-0.1812209039926529,0.8841917514801025,0.7515020370483398,0.09103570133447647,-0.14425763487815857,0.867803156375885,0.7740369439125061,0.2269381731748581,-0.18697646260261536,0.8631404042243958,0.7382157444953918,0.07850021868944168,-0.1313740760087967,0.8759936690330505,0.7685415744781494,0.24093212187290192,-0.1825050562620163,0.8715041279792786,0.7445446848869324,0.07698828727006912,-0.1295144259929657,0.875680685043335,0.7737181186676025,0.25557082891464233,-0.17496269941329956,0.8711251616477966,1.0887264013290405,0.19545672833919525,-0.018217533826828003,0.9147820472717285,1.1042295694351196,0.305772602558136,0.01832336187362671,0.9102870225906372,0.9803478717803955,0.17469769716262817,0.4771263003349304,0.44781771302223206,0.9944158792495728,0.2767373323440552,0.5451682806015015,0.31789687275886536,0.963538408279419,0.30531245470046997,1.2652003765106201,0.04952733591198921,0.9724792242050171,0.31445205211639404,1.2350925207138062,0.04594218730926514,0.9518522024154663,0.32540321350097656,1.347429633140564,0.048631973564624786,0.971895158290863,0.32836198806762695,1.3142650127410889,0.04221232235431671,0.9971935749053955,0.31899505853652954,1.2728346586227417,0.02725047431886196,0.9662259817123413,0.3238992691040039,1.2574450969696045,0.025470279157161713
1,0.5832495093345642,0.3441420793533325,-0.27854663133621216,0.9307489991188049,0.5584710240364075,0.3468363583087921,-0.29884669184684753,0.9359598755836487,0.5588158369064331,0.34560760855674744,-0.29916995763778687,0.9384689331054688,0.5609487295150757,0.3042340576648712,-0.29968422651290894,0.933357834815979,0.5583425164222717,0.36962801218032837,-0.25226691365242004,0.9354730844497681,0.559480607509613,0.35864579677581787,-0.2516516149044037,0.9373993873596191,0.5611311793327332,0.3441248834133148,-0.25192660093307495,0.9350408911705017,0.5742264986038208,0.2415151298046112,-0.25256356596946716,0.9340454936027527,0.580020546913147,0.25214484333992004,-0.01507076621055603,0.9395294189453125,0.6164283156394958,0.2987106740474701,-0.24560104310512543,0.933720588684082,0.6161167621612549,0.31148600578308105,-0.18415333330631256,0.9363307952880859,0.6987555027008057,0.15727952122688293,-0.303817480802536,0.936639666557312,0.7001250982284546,0.48261165618896484,0.19676026701927185,0.9331180453300476,0.8719521760940552,0.08393049985170364,-0.47506043314933777,0.8823666572570801,0.8371973037719727,0.4805126488208771,-0.043228697031736374,0.8757491707801819,0.8509076833724976,0.21076734364032745,-0.5808326601982117,0.8750614523887634,0.7869293689727783,0.4970662295818329,-0.5624936819076538,0.874679446220398,0.7679226994514465,0.2345973551273346,-0.6425613760948181,0.853269636631012,0.7794533371925354,0.4904087781906128,-0.620457649230957,0.8460932374000549,0.8318432569503784,0.22981880605220795,-0.6058710813522339,0.8628814220428467,0.7563074827194214,0.47451385855674744,-0.6098611950874329,0.8552783727645874,0.8182150721549988,0.22610320150852203,-0.5656565427780151,0.861949622631073,0.761808454990387,0.46854156255722046,-0.5767432451248169,0.8560003638267517,1.0546603202819824,0.23141075670719147,-0.15777042508125305,0.8360938429832458,1.0539329051971436,0.36243459582328796,0.15943585336208344,0.8358575105667114,1.3230853080749512,0.21571138501167297,-0.1021760031580925,0.40335190296173096,1.3272312879562378,0.3909294009208679,0.37663188576698303,0.2863048017024994,1.5996284484863281,0.3219427168369293,0.2536047697067261,0.04460449889302254,1.6058735847473145,0.46025794744491577,0.7417417764663696,0.04135765880346298,1.6334195137023926,0.32545533776283264,0.27085867524147034,0.043793149292469025,1.6410231590270996,0.47166112065315247,0.7556504011154175,0.038024600595235825,1.673140048980713,0.38300180435180664,-0.06246287375688553,0.024541819468140602,1.6776553392410278,0.5091041326522827,0.385579913854599,0.02295207977294922
3,0.38834869861602783,0.5037503242492676,-0.20135684311389923,0.9376732110977173,0.3804716467857361,0.49690505862236023,-0.1917540580034256,0.9423615336418152,0.38025885820388794,0.4917382001876831,-0.1917736679315567,0.9446190595626831,0.380126953125,0.48811814188957214,-0.1917800009250641,0.9400188326835632,0.3810870349407196,0.5113784074783325,-0.1895468384027481,0.9419235587120056,0.3812224268913269,0.5153269171714783,-0.18956807255744934,0.9436566829681396,0.3815191984176636,0.519501805305481,-0.1895645707845688,0.941534161567688,0.3814656138420105,0.4804397523403168,-0.10986319929361343,0.940636932849884,0.3832305669784546,0.5220338106155396,-0.1000688448548317,0.9455727338790894,0.3946739137172699,0.4927370846271515,-0.1688467115163803,0.9403477311134338,0.39587336778640747,0.5097603797912598,-0.16606555879116058,0.9426969289779663,0.4179476797580719,0.4347221255302429,-0.04821545630693436,0.9429734349250793,0.4239520728588104,0.5491460561752319,-0.03242120146751404,0.9398037195205688,0.4627518355846405,0.40425604581832886,-0.05062303692102432,0.8934428095817566,0.4697251617908478,0.573293149471283,-0.038930635899305344,0.8862982392311096,0.49024927616119385,0.42580562829971313,-0.17197579145431519,0.8864970207214355,0.49608734250068665,0.5598859190940857,-0.17962075769901276,0.8854002952575684,0.5022556185722351,0.43191391229629517,-0.2044551819562912,0.8656073808670044,0.5072317719459534,0.5561477541923523,-0.21294884383678436,0.8583073019981384,0.49858003854751587,0.4381586015224457,-0.22420766949653625,0.8743124008178711,0.5032265186309814,0.5482651591300964,-0.23017753660678864,0.866677463054657,0.49460670351982117,0.4381987452507019,-0.181435689330101,0.872402012348175,0.49908825755119324,0.5468191504478455,-0.18919000029563904,0.8662317395210266,0.523076593875885,0.45659464597702026,-0.0020107135642319918,0.8524500727653503,0.5244202613830566,0.5216082334518433,0.0020290727261453867,0.8522507548332214,0.5980771780014038,0.45125633478164673,-0.013553222641348839,0.4624672830104828,0.6015180349349976,0.5279520153999329,-0.0057622212916612625,0.35733065009117126,0.6674999594688416,0.459326833486557,0.10734336823225021,0.1393466591835022,0.6683013439178467,0.5095242857933044,0.10746113955974579,0.1368614137172699,0.6766811609268188,0.46843037009239197,0.11329922080039978,0.13407419621944427,0.6788818836212158,0.501076340675354,0.11236462742090225,0.1292453110218048,0.6937990784645081,0.4339398443698883,0.021056491881608963,0.12091846764087677,0.6947135925292969,0.5255637168884277,0.0175928995013237,0.11993826180696487
4,0.38752686977386475,0.5037029981613159,-0.19737543165683746,0.9439054131507874,0.3798789978027344,0.496876984834671,-0.18805654346942902,0.9481240510940552,0.37976300716400146,0.4917197823524475,-0.188079833984375,0.9501556158065796,0.3797144889831543,0.48791927099227905,-0.18808357417583466,0.9460152387619019,0.3803064227104187,0.5112969279289246,-0.1860196590423584,0.9477297067642212,0.3804042935371399,0.515302300453186,-0.18602871894836426,0.949289083480835,0.3805670738220215,0.5193435549736023,-0.18601521849632263,0.9473786950111389,0.3811960816383362,0.4804389178752899,-0.10807382315397263,0.9465712904930115,0.3826218843460083,0.5218549966812134,-0.09893553704023361,0.9510127305984497,0.3937092125415802,0.49275580048561096,-0.1655799299478531,0.9463125467300415,0.3942551910877228,0.5099292397499084,-0.1630110740661621,0.9484266638755798,0.41729700565338135,0.43472400307655334,-0.04829764366149902,0.9486754536628723,0.42251652479171753,0.5498553514480591,-0.03179504722356796,0.9458208680152893,0.4626609683036804,0.40415358543395996,-0.05096594616770744,0.9037622809410095,0.46935564279556274,0.5732675194740295,-0.04046331346035004,0.8958873152732849,0.48908206820487976,0.42578771710395813,-0.17411284148693085,0.8975523114204407,0.49462631344795227,0.5595259070396423,-0.18700578808784485,0.8957703113555908,0.5009148716926575,0.4323394000530243,-0.207513228058815,0.8783249258995056,0.5053480267524719,0.5557202696800232,-0.22120340168476105,0.8706062436103821,0.4964745342731476,0.439749151468277,-0.2269800752401352,0.8861711025238037,0.5008364915847778,0.5477929711341858,-0.23868177831172943,0.8781824111938477,0.49274584650993347,0.43963387608528137,-0.18333108723163605,0.8840385675430298,0.4965742528438568,0.5464916825294495,-0.19685356318950653,0.877051591873169,0.5229905247688293,0.45667797327041626,-0.0028001624159514904,0.8671844005584717,0.5243657827377319,0.5219778418540955,0.0028080057818442583,0.8670080900192261,0.5984469652175903,0.45256367325782776,-0.012126523070037365,0.5157212615013123,0.601540744304657,0.5280741453170776,-0.0003314327623229474,0.42120006680488586,0.668906569480896,0.46040400862693787,0.09893982112407684,0.22470293939113617,0.668135404586792,0.5093677639961243,0.10780423134565353,0.22271518409252167,0.6780818700790405,0.4685725271701813,0.10350844264030457,0.21541570127010345,0.6786602139472961,0.5009080171585083,0.11257898062467575,0.2107810527086258,0.694872260093689,0.4346517324447632,0.011214046739041805,0.2078079879283905,0.6944298148155212,0.5254778265953064,0.02173621580004692,0.20714055001735687
5,0.38715341687202454,0.5026630163192749,-0.22596074640750885,0.9495144486427307,0.3794838786125183,0.4960918724536896,-0.21659278869628906,0.953310489654541,0.3794505298137665,0.4910171627998352,-0.21661511063575745,0.9551386833190918,0.37943553924560547,0.48696035146713257,-0.21662050485610962,0.9514122009277344,0.3796743154525757,0.5106152892112732,-0.2152988463640213,0.9529554843902588,0.37973451614379883,0.5149409770965576,-0.21530817449092865,0.9543585777282715,0.37978094816207886,0.5189392566680908,-0.21529342234134674,0.9526391625404358,0.3808527886867523,0.4803229570388794,-0.13260774314403534,0.9519124031066895,0.3819565176963806,0.5217169523239136,-0.12676146626472473,0.9559093713760376,0.3933336138725281,0.4922722578048706,-0.19227080047130585,0.9516808986663818,0.393591970205307,0.5098668932914734,-0.1906527578830719,0.9535834789276123,0.4163590967655182,0.43475228548049927,-0.0665929839015007,0.9538071155548096,0.42165812849998474,0.5502601265907288,-0.05243193358182907,0.9512363076210022,0.46254727244377136,0.40354013442993164,-0.07646346092224121,0.9129880666732788,0.46929457783699036,0.5732679963111877,-0.06058404967188835,0.904781699180603,0.4837872087955475,0.4257259666919708,-0.21814456582069397,0.9074257612228394,0.4918912649154663,0.5584230422973633,-0.20989347994327545,0.905159056186676,0.4956633746623993,0.4331609904766083,-0.2538205683231354,0.889589786529541,0.5021548271179199,0.554476261138916,-0.24414291977882385,0.8817260265350342,0.4901849627494812,0.4415587782859802,-0.2715643644332886,0.8966588973999023,0.49717652797698975,0.546350359916687,-0.26172831654548645,0.8885834217071533,0.4866827428340912,0.44116273522377014,-0.2269417643547058,0.8941934108734131,0.49322178959846497,0.5452274084091187,-0.21953484416007996,0.886766791343689,0.5225719213485718,0.4566993713378906,-0.002916249679401517,0.88044273853302,0.5239211320877075,0.5225375294685364,0.002916906727477908,0.8802875876426697,0.5989978313446045,0.4531792402267456,-0.010574283078312874,0.5637940764427185,0.6013132333755493,0.5280524492263794,0.0040895286947488785,0.47883856296539307,0.67023766040802,0.4612865149974823,0.09680984169244766,0.30176812410354614,0.6675587892532349,0.5093672275543213,0.10954871773719788,0.30015528202056885,0.6794354319572449,0.46906590461730957,0.10084780305624008,0.2899221181869507,0.6782146096229553,0.5009121894836426,0.11397437751293182,0.2856011688709259,0.696601927280426,0.4366369843482971,0.006179597694426775,0.2863474488258362,0.694197952747345,0.5254846215248108,0.02408556081354618,0.28591346740722656
6,0.38689306378364563,0.5007565021514893,-0.218011274933815,0.9545624256134033,0.3791075646877289,0.49494731426239014,-0.20880547165870667,0.9579780697822571,0.37906119227409363,0.4900893568992615,-0.20882925391197205,0.9596232175827026,0.3790068030357361,0.48597389459609985,-0.2088346928358078,0.9562692046165466,0.3793449103832245,0.5091067552566528,-0.20744343101978302,0.9576582312583923,0.37942177057266235,0.5136444568634033,-0.20745214819908142,0.9589206576347351,0.3794885575771332,0.5177459120750427,-0.20743690431118011,0.9573730230331421,0.38021403551101685,0.48013079166412354,-0.12570308148860931,0.956719160079956,0.3817249536514282,0.5210716724395752,-0.11969269812107086,0.9603156447410583,0.39285218715667725,0.49054503440856934,-0.18468217551708221,0.9565122723579407,0.3931000530719757,0.5085607767105103,-0.18288010358810425,0.9582244157791138,0.41500425338745117,0.43451836705207825,-0.06178953871130943,0.9584258198738098,0.4210062623023987,0.5502533316612244,-0.04750867933034897,0.9561100006103516,0.46198832988739014,0.40359988808631897,-0.07427474856376648,0.9212232828140259,0.4681735038757324,0.5727735161781311,-0.0623350664973259,0.9127175211906433,0.4802640974521637,0.42573705315589905,-0.21975558996200562,0.9163303375244141,0.4882931709289551,0.556489884853363,-0.2181246131658554,0.9135380387306213,0.49156153202056885,0.4347206652164459,-0.2560296654701233,0.8998131155967712,0.49837008118629456,0.551815390586853,-0.2531992793083191,0.8916435241699219,0.4859142303466797,0.4431483745574951,-0.27333545684814453,0.906185507774353,0.49298807978630066,0.5441441535949707,-0.2698405683040619,0.8978478312492371,0.482655793428421,0.44240662455558777,-0.22854380309581757,0.903437614440918,0.4892827570438385,0.5432731509208679,-0.2276175320148468,0.8953567147254944,0.5215929746627808,0.4566875398159027,-0.0033127632923424244,0.8923781514167786,0.52330482006073,0.5225658416748047,0.0033138750586658716,0.8922383189201355,0.5989153385162354,0.45318788290023804,-0.01068404782563448,0.6069923639297485,0.600445032119751,0.5280446410179138,0.005127481650561094,0.5306412577629089,0.6716164946556091,0.46141380071640015,0.08434435725212097,0.371069997549057,0.6667307615280151,0.5094282627105713,0.10744673758745193,0.3697553873062134,0.68101966381073,0.4690762460231781,0.08707384020090103,0.3563743829727173,0.6775755286216736,0.5010257959365845,0.1113131046295166,0.35221078991889954,0.6976592540740967,0.4397793412208557,-0.009699877351522446,0.3569510281085968,0.6931861042976379,0.5255622863769531,0.023922622203826904,0.3566824495792389
7,0.3858861029148102,0.5004775524139404,-0.2145342230796814,0.9591056108474731,0.3782801330089569,0.4945458173751831,-0.20524531602859497,0.9621789455413818,0.378336101770401,0.48962363600730896,-0.20526745915412903,0.963659405708313,0.37830692529678345,0.4854027032852173,-0.20527315139770508,0.9606406092643738,0.37845659255981445,0.5088043808937073,-0.20362457633018494,0.9618908762931824,0.37860316038131714,0.5134072303771973,-0.20363593101501465,0.9630267024040222,0.3786521255970001,0.5175115466117859,-0.2036232352256775,0.9616336226463318,0.3795488774776459,0.479843407869339,-0.12320967763662338,0.9610453248023987,0.38100913166999817,0.5208322405815125,-0.11554346233606339,0.9642814993858337,0.391918808221817,0.49017566442489624,-0.1815912276506424,0.9608604907989502,0.39206674695014954,0.5085172057151794,-0.17940065264701843,0.962401270866394,0.41426700353622437,0.434418648481369,-0.05985225364565849,0.9625825881958008,0.420392245054245,0.5502493977546692,-0.04542635381221771,0.9604961276054382,0.4611766040325165,0.40376943349838257,-0.07500024139881134,0.9286360144615173,0.4676510989665985,0.5718080997467041,-0.06828644871711731,0.9199113845825195,0.47762954235076904,0.42606329917907715,-0.22283615171909332,0.9243564009666443,0.48515966534614563,0.5538473129272461,-0.22692261636257172,0.9211846590042114,0.48818472027778625,0.4355222284793854,-0.25963613390922546,0.909029483795166,0.49548643827438354,0.548645555973053,-0.26255539059638977,0.9006837010383606,0.48297297954559326,0.4440334141254425,-0.2763863801956177,0.9147760272026062,0.4898967444896698,0.5410146117210388,-0.2777038514614105,0.9062713980674744,0.4800404906272888,0.44353407621383667,-0.23155051469802856,0.9117733836174011,0.4863623380661011,0.5400543808937073,-0.23588328063488007,0.9031611084938049,0.5210108160972595,0.45662328600883484,-0.0033646186348050833,0.9031230211257935,0.5226172804832458,0.5227125287055969,0.0033693688455969095,0.9029972553253174,0.5988591909408569,0.4532031714916229,-0.011884018778800964,0.6458579301834106,0.59944748878479,0.5281071066856384,0.008659153245389462,0.5772722959518433,0.6725346446037292,0.4614296555519104,0.07299117743968964,0.43344733119010925,0.6660338640213013,0.5094332695007324,0.11066143959760666,0.4324077367782593,0.6822313666343689,0.46910664439201355,0.07482101023197174,0.4169164299964905,0.6772295832633972,0.5010212063789368,0.1145118698477745,0.4126119911670685,0.6986888647079468,0.44037821888923645,-0.022504305467009544,0.4205155670642853,0.6914728283882141,0.5260709524154663,0.02756502479314804,0.4203937351703644
8,0.38445281982421875,0.49887967109680176,-0.21141092479228973,0.9631945490837097,0.3769603669643402,0.49314677715301514,-0.20140792429447174,0.965959906578064,0.3770386874675751,0.48834770917892456,-0.20143543183803558,0.9672921895980835,0.37702733278274536,0.4841838777065277,-0.20144057273864746,0.9645751714706421,0.3770526349544525,0.507085919380188,-0.20124369859695435,0.9657004475593567,0.3772226870059967,0.5116479396820068,-0.20124228298664093,0.966722309589386,0.37734106183052063,0.5159843564033508,-0.2012198269367218,0.9654683470726013,0.3783879578113556,0.4791899621486664,-0.115267314016819,0.9649391770362854,0.37967368960380554,0.5200242400169373,-0.11375334858894348,0.9678509831428528,0.39057478308677673,0.4889271557331085,-0.1767652928829193,0.9647740125656128,0.39069682359695435,0.5072163939476013,-0.17633242905139923,0.9661605358123779,0.41358932852745056,0.4340958297252655,-0.051975760608911514,0.9663239121437073,0.419362872838974,0.5501078367233276,-0.044835615903139114,0.9644436836242676,0.46043533086776733,0.4038025140762329,-0.07190563529729843,0.9353997111320496,0.46694913506507874,0.5698593854904175,-0.06584678590297699,0.9261876940727234,0.475772500038147,0.42726579308509827,-0.22422075271606445,0.93165123462677,0.48324519395828247,0.5517315864562988,-0.22561527788639069,0.9279776811599731,0.4855259656906128,0.4365169107913971,-0.2618388533592224,0.9174741506576538,0.4936925768852234,0.5463334321975708,-0.26164790987968445,0.9086751341819763,0.4808810353279114,0.44487443566322327,-0.27729445695877075,0.9226552844047546,0.48816806077957153,0.5386183261871338,-0.27664902806282043,0.9137027859687805,0.47804173827171326,0.4445207118988037,-0.23246842622756958,0.9194772839546204,0.4847419857978821,0.5377416014671326,-0.23453371226787567,0.909930944442749,0.5208197236061096,0.4565924406051636,-0.0033546469639986753,0.9127987623214722,0.5223818421363831,0.5229774713516235,0.0033598325680941343,0.912682294845581,0.5990102291107178,0.45322009921073914,-0.018031347543001175,0.6809213161468506,0.5991086959838867,0.5281534194946289,0.018504997715353966,0.6191938519477844,0.6746636033058167,0.46126601099967957,0.061876777559518814,0.4896753132343292,0.6650302410125732,0.509608805179596,0.13650992512702942,0.48874229192733765,0.6838099956512451,0.4690020978450775,0.06324092298746109,0.47135162353515625,0.676327109336853,0.5010552406311035,0.1421612650156021,0.46637097001075745,0.7005814909934998,0.44279447197914124,-0.038754113018512726,0.47784650325775146,0.6894844770431519,0.5263185501098633,0.05451849848031998,0.47772204875946045
9,0.38338345289230347,0.49878939986228943,-0.19125351309776306,0.9668745994567871,0.37599462270736694,0.49296581745147705,-0.18170364201068878,0.9693628549575806,0.37602391839027405,0.48817601799964905,-0.1817321926355362,0.9705617427825928,0.3759693503379822,0.4839416444301605,-0.18174079060554504,0.9681163430213928,0.37634167075157166,0.5065639019012451,-0.1806778758764267,0.969129204750061,0.3766009509563446,0.5109627842903137,-0.1806795597076416,0.9700484275817871,0.37676239013671875,0.5151532292366028,-0.18066056072711945,0.9689196944236755,0.37741217017173767,0.47882527112960815,-0.09712805598974228,0.9684435725212097,0.3788279592990875,0.5186070799827576,-0.09259948879480362,0.9710637927055359,0.389386922121048,0.4887319505214691,-0.15725088119506836,0.9682961702346802,0.3895719647407532,0.506642758846283,-0.15592119097709656,0.9695439338684082,0.41294175386428833,0.43368902802467346,-0.03437533229589462,0.9696910381317139,0.4179624915122986,0.5479310750961304,-0.02667226269841194,0.9679972529411316,0.4600110650062561,0.4040440022945404,-0.06253811717033386,0.941441535949707,0.4654746651649475,0.5689650177955627,-0.05824514850974083,0.9321250915527344,0.47443151473999023,0.4277421832084656,-0.2148158848285675,0.9382310509681702,0.48219284415245056,0.5498075485229492,-0.2173171043395996,0.9342734217643738,0.4841232895851135,0.4366911053657532,-0.2523990869522095,0.9251155853271484,0.49278178811073303,0.5440905094146729,-0.25247108936309814,0.916080117225647,0.47964605689048767,0.4447743892669678,-0.2678939700126648,0.9297907948493958,0.4871208369731903,0.5366222262382507,-0.2716158330440521,0.9205909967422485,0.4767257273197174,0.44452232122421265,-0.22319088876247406,0.926467776298523,0.4836481213569641,0.5359761118888855,-0.22771555185317993,0.9163063168525696,0.5194981694221497,0.45659175515174866,-0.003235764801502228,0.9215089678764343,0.5204644203186035,0.5230743288993835,0.003256883006542921,0.9214008450508118,0.5976704359054565,0.4527623951435089,-0.040554262697696686,0.7122964859008789,0.598748505115509,0.528035581111908,0.01931774616241455,0.6567124724388123,0.6758874654769897,0.4610733389854431,0.010770289227366447,0.5401172041893005,0.6648027896881104,0.5095981955528259,0.13216033577919006,0.5392022728919983,0.6854020357131958,0.4689958691596985,0.009211177937686443,0.5207152962684631,0.6763692498207092,0.5009657144546509,0.13713116943836212,0.5138375759124756,0.7015036344528198,0.4350496530532837,-0.09392229467630386,0.5292448997497559,0.6886273622512817,0.5266757011413574,0.049379102885723114,0.5289445519447327
10,0.38276946544647217,0.49837934970855713,-0.16737152636051178,0.9701864123344421,0.37535884976387024,0.4917694628238678,-0.15738734602928162,0.9724249243736267,0.3754085600376129,0.487045019865036,-0.15741853415966034,0.9735037088394165,0.37536969780921936,0.48290392756462097,-0.15742899477481842,0.9713026881217957,0.3754791021347046,0.5054607391357422,-0.15670843422412872,0.9722144603729248,0.3755912780761719,0.5096988677978516,-0.15670455992221832,0.9730411171913147,0.3756571412086487,0.5138391852378845,-0.15668316185474396,0.9720250368118286,0.3768642246723175,0.4773613214492798,-0.07382205873727798,0.9715966582298279,0.37728092074394226,0.5169509053230286,-0.07111998647451401,0.9739543199539185,0.3885885179042816,0.48848724365234375,-0.13393045961856842,0.9714658260345459,0.38862937688827515,0.5062748789787292,-0.1331293135881424,0.9725887179374695,0.412499338388443,0.43357035517692566,-0.015848476439714432,0.9727214574813843,0.41619887948036194,0.5472202897071838,-0.009457151405513287,0.9711951017379761,0.45926448702812195,0.4054567217826843,-0.04450029134750366,0.9468410611152649,0.4634299874305725,0.5675953030586243,-0.041112687438726425,0.9371799230575562,0.4724583625793457,0.42788073420524597,-0.2022293359041214,0.9441556334495544,0.4807640612125397,0.5485823154449463,-0.19694747030735016,0.9398608803749084,0.48143771290779114,0.43664324283599854,-0.24362125992774963,0.9320152997970581,0.49171191453933716,0.5433292984962463,-0.23199515044689178,0.9226784706115723,0.47748667001724243,0.4446471929550171,-0.2551203966140747,0.9362326860427856,0.4862777292728424,0.535820722579956,-0.24698235094547272,0.926731526851654,0.47463446855545044,0.4444316327571869,-0.20993703603744507,0.9327996373176575,0.4827212989330292,0.5349540114402771,-0.20566192269325256,0.9219835996627808,0.5188297629356384,0.4565950036048889,-0.0030885671731084585,0.9293467998504639,0.5195330381393433,0.523327648639679,0.00312937144190073,0.9292450547218323,0.59720379114151,0.45259755849838257,-0.038312677294015884,0.7406322360038757,0.5976821780204773,0.5280345678329468,0.022163234651088715,0.6904769539833069,0.6760072708129883,0.4593975245952606,0.012980195693671703,0.5855734348297119,0.6641743183135986,0.5095786452293396,0.13273201882839203,0.5846339464187622,0.6854410767555237,0.4678211212158203,0.0114308912307024,0.5649586915969849,0.6758455038070679,0.5003427863121033,0.1374538242816925,0.5563070774078369,0.7012948393821716,0.43374794721603394,-0.09013935178518295,0.5755506753921509,0.6881729960441589,0.5272629857063293,0.05091971531510353,0.5750722289085388
11,0.38219064474105835,0.4973756670951843,-0.15074275434017181,0.9731670022010803,0.37486347556114197,0.4903642535209656,-0.13984720408916473,0.9751808643341064,0.374875009059906,0.48587313294410706,-0.1398807168006897,0.9761514663696289,0.37482452392578125,0.48190224170684814,-0.13989371061325073,0.974170446395874,0.3750024139881134,0.5039796233177185,-0.1393623650074005,0.9749913811683655,0.375047504901886,0.508239209651947,-0.13936056196689606,0.9757347106933594,0.37508898973464966,0.5121797919273376,-0.13933704793453217,0.9748201370239258,0.3764713406562805,0.4763907492160797,-0.05444550886750221,0.9744341969490051,0.376907080411911,0.5154946446418762,-0.05291389301419258,0.9765558838844299,0.3880167007446289,0.4876885414123535,-0.11700721830129623,0.9743183851242065,0.38795140385627747,0.5053062438964844,-0.11648866534233093,0.9753289222717285,0.4118494391441345,0.4334668815135956,0.0010976963676512241,0.9754486680030823,0.4155248701572418,0.5465717911720276,0.004146827384829521,0.974073052406311,0.45804932713508606,0.40617507696151733,-0.029414644464850426,0.9515866637229919,0.461349755525589,0.5667763352394104,-0.03064992092549801,0.9420223832130432,0.4705254137516022,0.42787644267082214,-0.18489816784858704,0.9494500160217285,0.4794124662876129,0.5484812259674072,-0.18591205775737762,0.9450653791427612,0.47929897904396057,0.43635624647140503,-0.22548072040081024,0.9381282925605774,0.4905787706375122,0.5438085198402405,-0.221125528216362,0.9288754463195801,0.4757366180419922,0.44461795687675476,-0.2382545918226242,0.9419440031051636,0.48522430658340454,0.5362271666526794,-0.2355070412158966,0.932526707649231,0.47300130128860474,0.44434264302253723,-0.19293922185897827,0.9383417963981628,0.4814930558204651,0.5351938009262085,-0.19442203640937805,0.9274556040763855,0.5178850889205933,0.4565257728099823,-0.002242716960608959,0.9364014267921448,0.5186393857002258,0.523354709148407,0.0023215694818645716,0.9363072514533997,0.5962485671043396,0.45176371932029724,-0.04232742264866829,0.7659939527511597,0.596892237663269,0.5278238654136658,0.01799152046442032,0.7207521200180054,0.6758022308349609,0.45807525515556335,0.004305471666157246,0.6264171004295349,0.6634992361068726,0.5095711946487427,0.13182955980300903,0.6255144476890564,0.6855022311210632,0.46718770265579224,0.0025119781494140625,0.6057611107826233,0.6753687262535095,0.5002622008323669,0.134995236992836,0.5947197675704956,0.7014356851577759,0.42801719903945923,-0.09707273542881012,0.6171884536743164,0.6880255937576294,0.5275209546089172,0.046810753643512726,0.6165328025817871
12,0.3811972439289093,0.49513351917266846,-0.1367015391588211,0.975848913192749,0.37386348843574524,0.48785829544067383,-0.12554600834846497,0.9776597023010254,0.3738325536251068,0.48354101181030273,-0.12558458745479584,0.9785327315330505,0.37383952736854553,0.47979554533958435,-0.1255989968776703,0.9767497181892395,0.3740336000919342,0.5015594959259033,-0.12517061829566956,0.9774889349937439,0.3740290105342865,0.5059828758239746,-0.1251642405986786,0.9781566858291626,0.3740663230419159,0.5097120404243469,-0.12514476478099823,0.977333128452301,0.37570735812187195,0.47371506690979004,-0.042070724070072174,0.9769854545593262,0.37595611810684204,0.5135303139686584,-0.04094589874148369,0.9788942337036133,0.3870943486690521,0.4855312705039978,-0.10385403037071228,0.9768849015235901,0.3871011734008789,0.5030855536460876,-0.10346738994121552,0.9777941703796387,0.41170066595077515,0.43265777826309204,0.008686662651598454,0.9779030084609985,0.41444677114486694,0.5454207062721252,0.011215553618967533,0.9766620397567749,0.4581502079963684,0.40627169609069824,-0.02305327169597149,0.9557708501815796,0.45948371291160583,0.5658995509147644,-0.02487323246896267,0.9459100961685181,0.47053131461143494,0.4283555746078491,-0.17185328900814056,0.954217791557312,0.47784993052482605,0.5483145117759705,-0.1748047024011612,0.9494813680648804,0.47929200530052185,0.43630650639533997,-0.21030586957931519,0.9436582922935486,0.4890891909599304,0.5438315272331238,-0.20954175293445587,0.9340339303016663,0.47544288635253906,0.44451695680618286,-0.22394981980323792,0.947108268737793,0.4840366244316101,0.535918116569519,-0.22294582426548004,0.9373148083686829,0.4726094901561737,0.4444379210472107,-0.1799151599407196,0.9433836340904236,0.48033684492111206,0.5347480177879333,-0.1830289363861084,0.9318232536315918,0.5179016590118408,0.4563179016113281,-0.0011697454610839486,0.9427489638328552,0.5186006426811218,0.5233196020126343,0.0012744899140670896,0.942661702632904,0.5961197018623352,0.45061686635017395,-0.03861822560429573,0.7888201475143433,0.5960767865180969,0.527748703956604,0.017221366986632347,0.7480377554893494,0.6762853264808655,0.45507293939590454,0.011105339042842388,0.663099467754364,0.6634421944618225,0.5093096494674683,0.1304282546043396,0.6622804403305054,0.6859058737754822,0.46552976965904236,0.009572244249284267,0.6416962742805481,0.6752043962478638,0.4996226131916046,0.13329671323299408,0.6288190484046936,0.7014868855476379,0.41924190521240234,-0.08862383663654327,0.6545040607452393,0.6882684826850891,0.5275793075561523,0.043209005147218704,0.6537926197052002
13,0.38083866238594055,0.49264171719551086,-0.1595008373260498,0.9782633185386658,0.3732554614543915,0.48524191975593567,-0.149081289768219,0.9798921942710876,0.37321245670318604,0.4811713397502899,-0.14911499619483948,0.9806776642799377,0.3732464015483856,0.4773564040660858,-0.14912812411785126,0.9790728092193604,0.3734148442745209,0.4991225004196167,-0.14834509789943695,0.9797384142875671,0.373379111289978,0.5037161707878113,-0.14834468066692352,0.9803386926651001,0.3733626902103424,0.5074782371520996,-0.1483268141746521,0.9795971512794495,0.3749954104423523,0.4710237681865692,-0.06510546803474426,0.9792842864990234,0.3750142455101013,0.5114980340003967,-0.06229867413640022,0.9810019135475159,0.38677647709846497,0.4831849932670593,-0.1261996030807495,0.9791957139968872,0.3867923617362976,0.50050288438797,-0.12538258731365204,0.980013906955719,0.411827951669693,0.4311850070953369,-0.008381224237382412,0.9801121354103088,0.4138321578502655,0.5448014140129089,-0.002759121125563979,0.9789936542510986,0.4587167799472809,0.40601491928100586,-0.033782921731472015,0.9596388339996338,0.4587589204311371,0.5654799342155457,-0.03055735118687153,0.9493003487586975,0.46967485547065735,0.4281105399131775,-0.184509739279747,0.9585153460502625,0.47711753845214844,0.5486068725585938,-0.192739799618721,0.9533460140228271,0.47753193974494934,0.4349721074104309,-0.22488778829574585,0.9486549496650696,0.48831576108932495,0.5438950657844543,-0.22781218588352203,0.938535213470459,0.473512202501297,0.4433683753013611,-0.2364768385887146,0.9517793655395508,0.48309358954429626,0.5362088084220886,-0.24204537272453308,0.9414812326431274,0.47086936235427856,0.4436657130718231,-0.19203217327594757,0.9479482173919678,0.4792777895927429,0.5347871780395508,-0.2014618217945099,0.9355638027191162,0.5178024768829346,0.45591941475868225,-0.0008176292758435011,0.9484643936157227,0.5184440016746521,0.5232658386230469,0.0009280204540118575,0.9483821988105774,0.5961450934410095,0.44940295815467834,-0.03802064433693886,0.8094354867935181,0.5962123870849609,0.5274413228034973,0.029280858114361763,0.772555947303772,0.6764360070228577,0.45229557156562805,0.006392208393663168,0.6962023973464966,0.663215696811676,0.5092319250106812,0.15067455172538757,0.6953141689300537,0.6863297820091248,0.4634919762611389,0.004061223939061165,0.6744406819343567,0.6746360659599304,0.49932238459587097,0.1561623513698578,0.6597751975059509,0.7013640999794006,0.41486382484436035,-0.0965886265039444,0.6881932616233826,0.6878827214241028,0.5289345979690552,0.07070179283618927,0.6872996687889099
14,0.3800371289253235,0.49016016721725464,-0.15762333571910858,0.9804363250732422,0.37237975001335144,0.4824402928352356,-0.1467985361814499,0.9819015860557556,0.3723984658718109,0.4784962832927704,-0.14683881402015686,0.9826081991195679,0.37250593304634094,0.47435522079467773,-0.14686058461666107,0.9811636805534363,0.3725271224975586,0.49648618698120117,-0.14643146097660065,0.9817631244659424,0.37256920337677,0.501320481300354,-0.14642108976840973,0.982302725315094,0.3725820779800415,0.5052937269210815,-0.14640085399150848,0.9816350340843201,0.37443533539772034,0.4678487777709961,-0.06220225244760513,0.981353223323822,0.37436172366142273,0.5094217658042908,-0.06127270683646202,0.9828992486000061,0.38630756735801697,0.48072412610054016,-0.12411282956600189,0.9812754988670349,0.38622236251831055,0.4981408715248108,-0.12379615008831024,0.9820117354393005,0.41190317273139954,0.4292500615119934,-0.005952996201813221,0.9821003675460815,0.41320914030075073,0.5428869724273682,-0.002174016321077943,0.9810922741889954,0.45942527055740356,0.40393102169036865,-0.03455943986773491,0.9630833864212036,0.45805031061172485,0.5653044581413269,-0.03307352215051651,0.9522251486778259,0.46878182888031006,0.42367976903915405,-0.18653550744056702,0.9623616337776184,0.475692480802536,0.5488263368606567,-0.19223140180110931,0.9568523168563843,0.47656920552253723,0.4305097460746765,-0.22578789293766022,0.9531266689300537,0.48667487502098083,0.5443872809410095,-0.22708512842655182,0.9426530599594116,0.4721967279911041,0.4381687343120575,-0.23877115547657013,0.9559594392776489,0.48203474283218384,0.5365368723869324,-0.24181216955184937,0.9452959299087524,0.4693022072315216,0.43820858001708984,-0.19443567097187042,0.9520273208618164,0.4783916473388672,0.5348671674728394,-0.20112450420856476,0.939061164855957,0.5177587866783142,0.4547354280948639,-0.000781953742261976,0.9536098837852478,0.5181249976158142,0.5226835012435913,0.0008974518859758973,0.9535325169563293,0.5960792303085327,0.4484427571296692,-0.04124961793422699,0.8279902338981628,0.5960548520088196,0.5270172953605652,0.0379827506840229,0.7945712804794312,0.6775010228157043,0.44923263788223267,-0.0011256217258051038,0.7259623408317566,0.6619927883148193,0.5092118978500366,0.17012275755405426,0.7249820828437805,0.6881973743438721,0.4612691104412079,-0.0039657349698245525,0.7040088772773743,0.6731677651405334,0.49897336959838867,0.17690180242061615,0.6881039142608643,0.701676070690155,0.41176748275756836,-0.10403264313936234,0.7184228301048279,0.6864437460899353,0.5325446128845215,0.09470977634191513,0.7173643112182617
15,0.3794861137866974,0.4879828095436096,-0.20927628874778748,0.9823920726776123,0.3717496693134308,0.47998103499412537,-0.19951285421848297,0.9837101101875305,0.37179744243621826,0.4759904742240906,-0.1995483785867691,0.9843456745147705,0.3719535768032074,0.47166508436203003,-0.19956809282302856,0.9830455183982849,0.3718567192554474,0.4933933913707733,-0.1987076699733734,0.9835854768753052,0.3718966245651245,0.4980355203151703,-0.19870631396770477,0.9840704202651978,0.37187206745147705,0.5020593404769897,-0.19870024919509888,0.9834692478179932,0.37419387698173523,0.46506398916244507,-0.11194632947444916,0.9832150340080261,0.3735826313495636,0.5056647658348083,-0.1091795414686203,0.984606921672821,0.3859163820743561,0.4784131646156311,-0.1743566393852234,0.9831474423408508,0.3856131434440613,0.4955425262451172,-0.1735343486070633,0.9838099479675293,0.41194358468055725,0.4269106388092041,-0.04216820001602173,0.9838893413543701,0.41285577416419983,0.5404717326164246,-0.04058847576379776,0.9829815030097961,0.46206963062286377,0.4001900851726532,-0.06677933037281036,0.9661864042282104,0.4582415521144867,0.565233051776886,-0.06449250876903534,0.9550244212150574,0.46984416246414185,0.42075133323669434,-0.23100164532661438,0.9657125473022461,0.47657549381256104,0.5489020943641663,-0.23061694204807281,0.959778904914856,0.47778239846229553,0.428494393825531,-0.27049070596694946,0.956881046295166,0.48727431893348694,0.5453057885169983,-0.26619952917099,0.9459978938102722,0.47289496660232544,0.4341537058353424,-0.2856620252132416,0.9594690799713135,0.4825867712497711,0.5379873514175415,-0.28379490971565247,0.9483782649040222,0.4699808359146118,0.43315380811691284,-0.23964911699295044,0.9552591443061829,0.4789646863937378,0.5362351536750793,-0.24063318967819214,0.9416966438293457,0.5178601145744324,0.45339176058769226,0.0013954027090221643,0.9582391977310181,0.5182271599769592,0.5220047831535339,-0.0013036836171522737,0.958167552947998,0.596535325050354,0.44559070467948914,-0.0304097943007946,0.844718337059021,0.5961533188819885,0.5267413258552551,0.0500611774623394,0.814622700214386,0.6788063645362854,0.4467848241329193,0.014195031486451626,0.7528282999992371,0.6604441404342651,0.5094423890113831,0.19848568737506866,0.7517747282981873,0.6899258494377136,0.459919273853302,0.01401059702038765,0.7312005162239075,0.6711903810501099,0.4993413984775543,0.20684055984020233,0.7138026356697083,0.7022521495819092,0.40719929337501526,-0.08523453027009964,0.7458164691925049,0.685076892375946,0.5324520468711853,0.12104795128107071,0.7446147203445435
16,0.3796287178993225,0.48193612694740295,-0.2152075320482254,0.9841523766517639,0.37182745337486267,0.474363774061203,-0.20561154186725616,0.985338032245636,0.3718941807746887,0.46975186467170715,-0.20564675331115723,0.9859097003936768,0.37205687165260315,0.4656042754650116,-0.20566143095493317,0.9847394227981567,0.37179163098335266,0.4879414439201355,-0.20493537187576294,0.9852259159088135,0.3717343211174011,0.49251025915145874,-0.20493479073047638,0.9856618046760559,0.3717140853404999,0.49683335423469543,-0.20493218302726746,0.9851205348968506,0.374319851398468,0.4584759771823883,-0.11701547354459763,0.9848913550376892,0.37340882420539856,0.501560628414154,-0.1147209107875824,0.9861445426940918,0.38612663745880127,0.47305020689964294,-0.17954625189304352,0.9848323464393616,0.38580596446990967,0.48969149589538574,-0.17892047762870789,0.985428512096405,0.4120197594165802,0.4229966104030609,-0.0459221675992012,0.9854997992515564,0.4126577377319336,0.5376873016357422,-0.043660592287778854,0.9846821427345276,0.4641343355178833,0.3954017460346222,-0.06245811656117439,0.9690528512001038,0.4579494297504425,0.5650327801704407,-0.06929205358028412,0.9575561881065369,0.47113773226737976,0.41928035020828247,-0.21687239408493042,0.9687201380729675,0.4765312075614929,0.5511023998260498,-0.24074873328208923,0.9624948501586914,0.47821012139320374,0.4276587963104248,-0.2546193301677704,0.9602422714233398,0.4875651001930237,0.5491254329681396,-0.27681007981300354,0.9491469264030457,0.4739118814468384,0.43275555968284607,-0.27003440260887146,0.9625942707061768,0.48308128118515015,0.541692316532135,-0.29527005553245544,0.951287567615509,0.47086605429649353,0.43116965889930725,-0.22527475655078888,0.958134114742279,0.4793831706047058,0.539150059223175,-0.25128570199012756,0.9443137645721436,0.5200483202934265,0.4523355960845947,0.0013054099399596453,0.9624083638191223,0.519436240196228,0.5215019583702087,-0.0012203274527564645,0.9623409509658813,0.6011494994163513,0.4450663626194,-0.02675655111670494,0.859893798828125,0.5974282622337341,0.5264185667037964,0.06344962120056152,0.8326670527458191,0.6825153827667236,0.4456344544887543,0.020877430215477943,0.7771005630493164,0.6605187058448792,0.5093680620193481,0.22432097792625427,0.775861918926239,0.6938120126724243,0.45911267399787903,0.02032156102359295,0.7554175853729248,0.6713026762008667,0.49887388944625854,0.23409728705883026,0.7372453808784485,0.7048989534378052,0.4085560739040375,-0.08315024524927139,0.7705786228179932,0.685235857963562,0.5322806239128113,0.15008649230003357,0.7692312598228455
17,0.37979254126548767,0.4755379557609558,-0.21364174783229828,0.9857364892959595,0.37197935581207275,0.46825480461120605,-0.20465490221977234,0.9868027567863464,0.37204357981681824,0.46367526054382324,-0.2047533392906189,0.9873167872428894,0.37219393253326416,0.4597625434398651,-0.20480723679065704,0.9862633943557739,0.3719184100627899,0.4824334681034088,-0.20298223197460175,0.9867019057273865,0.3718441426753998,0.4873460531234741,-0.20298314094543457,0.987093448638916,0.3718278110027313,0.4921059012413025,-0.20291617512702942,0.9866060018539429,0.3744252622127533,0.45274215936660767,-0.1021474152803421,0.9863989949226379,0.3735702335834503,0.49768203496932983,-0.10497815161943436,0.9875277280807495,0.38625797629356384,0.46709591150283813,-0.17212708294391632,0.986348569393158,0.3859986960887909,0.48351502418518066,-0.1737837791442871,0.9868850708007812,0.4125867784023285,0.41905349493026733,-0.028539074584841728,0.9869489669799805,0.4121617376804352,0.5335474014282227,-0.0332789346575737,0.9862125515937805,0.4645107090473175,0.3938208222389221,-0.04280255362391472,0.9712136387825012,0.4568956196308136,0.5638672709465027,-0.05793655291199684,0.9591949582099915,0.4743139445781708,0.4114213287830353,-0.1970279961824417,0.9711396098136902,0.4770110845565796,0.5542434453964233,-0.2252347618341446,0.9645559787750244,0.48084449768066406,0.41755151748657227,-0.2343084067106247,0.9628255367279053,0.48796766996383667,0.5554290413856506,-0.2604289948940277,0.9514983296394348,0.47456732392311096,0.4216700792312622,-0.2517595589160919,0.9650008082389832,0.48402139544487,0.5476241707801819,-0.27722638845443726,0.9534957408905029,0.4719597101211548,0.4212321937084198,-0.20655661821365356,0.9601126909255981,0.4803656339645386,0.5439446568489075,-0.23441746830940247,0.9462595582008362,0.5217682719230652,0.45055055618286133,0.001755459583364427,0.9661620855331421,0.5202022194862366,0.5202877521514893,-0.0016576602356508374,0.9660987257957458,0.6027448773384094,0.4428181052207947,-0.03494900092482567,0.8734604716300964,0.597548246383667,0.5258926153182983,0.06132743880152702,0.8486136794090271,0.6839768886566162,0.44539347290992737,0.006237849127501249,0.7988405227661133,0.6589130163192749,0.5092445015907288,0.23339882493019104,0.797147274017334,0.6958579421043396,0.45905667543411255,0.003627883968874812,0.7771132588386536,0.6690167188644409,0.4988779127597809,0.24429459869861603,0.7570902705192566,0.7076711058616638,0.41089755296707153,-0.10177319496870041,0.792751133441925,0.6833826303482056,0.5324169397354126,0.16356618702411652,0.790986955165863
18,0.37989145517349243,0.472537100315094,-0.19056256115436554,0.9871623516082764,0.37201517820358276,0.46548357605934143,-0.1795521378517151,0.9881214499473572,0.3720630705356598,0.460700124502182,-0.17962606251239777,0.9885837435722351,0.37220340967178345,0.4565512239933014,-0.1796581745147705,0.9876355528831482,0.3719954490661621,0.4797259271144867,-0.1784331202507019,0.988030731678009,0.37193021178245544,0.4847235083580017,-0.17843550443649292,0.9883825182914734,0.3719286322593689,0.48940372467041016,-0.17840203642845154,0.9879436492919922,0.37444981932640076,0.4495915174484253,-0.08528897166252136,0.9877566695213318,0.3736114799976349,0.4945130944252014,-0.08336170762777328,0.9887731075286865,0.3863758444786072,0.46331411600112915,-0.15264979004859924,0.9877133369445801,0.3861140310764313,0.480271577835083,-0.1523585319519043,0.9881961345672607,0.4131758511066437,0.4144691228866577,-0.022635215893387794,0.9882535338401794,0.4120897352695465,0.5309686660766602,-0.017017798498272896,0.9875903129577637,0.4647170603275299,0.3919346034526825,-0.04401085525751114,0.9729146361351013,0.45699894428253174,0.563542366027832,-0.04083321988582611,0.9608559608459473,0.47684818506240845,0.40543168783187866,-0.20432117581367493,0.973010241985321,0.4808218777179718,0.5562834739685059,-0.20728538930416107,0.9663614630699158,0.4843805432319641,0.40855106711387634,-0.24392499029636383,0.9647498726844788,0.4908982217311859,0.5594996809959412,-0.243130624294281,0.9534804224967957,0.4786423146724701,0.41419288516044617,-0.26175862550735474,0.9667966365814209,0.4882107973098755,0.5513625144958496,-0.26501575112342834,0.9553490281105042,0.4757004380226135,0.41490837931632996,-0.21447154879570007,0.961341142654419,0.4846535623073578,0.5469736456871033,-0.2191518396139145,0.9478634595870972,0.5229251980781555,0.4484027624130249,0.0003807556931860745,0.9695432782173157,0.5208843946456909,0.518441915512085,-0.00026408940902911127,0.9694836139678955,0.6029760837554932,0.4404490292072296,-0.04879540950059891,0.8857598900794983,0.5982738733291626,0.5234273076057434,0.0744766891002655,0.8628177642822266,0.685068666934967,0.4428119361400604,-0.010653282515704632,0.8185575008392334,0.6574884057044983,0.5085256099700928,0.26999977231025696,0.8159882426261902,0.6973598003387451,0.455706387758255,-0.013551079668104649,0.7965342998504639,0.6672099828720093,0.49878397583961487,0.2835701107978821,0.7740026116371155,0.7093256115913391,0.4082091450691223,-0.12154746055603027,0.8129092454910278,0.6822376847267151,0.5323418378829956,0.2074885219335556,0.8103477954864502
19,0.3799710273742676,0.46810027956962585,-0.13251735270023346,0.988445520401001,0.3721054494380951,0.46071746945381165,-0.12044481188058853,0.9893081188201904,0.3721489906311035,0.45588982105255127,-0.12049499899148941,0.9897238612174988,0.3722809851169586,0.4516606032848358,-0.12051914632320404,0.98887038230896,0.3720932602882385,0.47511574625968933,-0.12030614167451859,0.9892265796661377,0.3720283806324005,0.48008885979652405,-0.12030079960823059,0.989542543888092,0.3720230460166931,0.4848427176475525,-0.12028630077838898,0.9891474843025208,0.374508798122406,0.4442504048347473,-0.034750502556562424,0.9889782667160034,0.37371569871902466,0.48984381556510925,-0.03444477543234825,0.9898940324783325,0.386454313993454,0.4589010775089264,-0.09900613874197006,0.988941490650177,0.3862088620662689,0.47570958733558655,-0.09882701188325882,0.9893760085105896,0.4139689803123474,0.40921542048454285,0.015926215797662735,0.9894276261329651,0.4120958149433136,0.5263622999191284,0.01757911406457424,0.9888299107551575,0.4645271897315979,0.38980406522750854,-0.005355752073228359,0.9734614491462708,0.45713093876838684,0.5623846650123596,-0.009748563170433044,0.9623025059700012,0.4820624887943268,0.39808812737464905,-0.15377478301525116,0.9742539525032043,0.48327532410621643,0.5588918328285217,-0.1629752516746521,0.968014121055603,0.49084728956222534,0.3971269130706787,-0.19150763750076294,0.9661096930503845,0.4940856695175171,0.5643213391304016,-0.19767211377620697,0.955361008644104,0.4863957464694977,0.40322551131248474,-0.21138375997543335,0.9680636525154114,0.49194929003715515,0.5553920269012451,-0.2188575565814972,0.9571138620376587,0.48287060856819153,0.4059435725212097,-0.1648954451084137,0.9620628356933594,0.4882940649986267,0.5502535104751587,-0.1747792512178421,0.9495558142662048,0.5244651436805725,0.4444022476673126,0.00041824494837783277,0.9725870490074158,0.5216785669326782,0.5139983296394348,-0.00029262283351272345,0.9725306630134583,0.6044371724128723,0.43787920475006104,-0.06636061519384384,0.8968678712844849,0.5992427468299866,0.5218352675437927,0.0668221041560173,0.8753892779350281,0.6872381567955017,0.4430445730686188,-0.032319072633981705,0.8362258076667786,0.6562843322753906,0.5081523656845093,0.2640506327152252,0.8321961164474487,0.7001739740371704,0.4556087255477905,-0.035694465041160583,0.813165009021759,0.6656447052955627,0.4987686574459076,0.2780430018901825,0.7857031226158142,0.7105374932289124,0.4073810279369354,-0.1419515609741211,0.8308147192001343,0.6817692518234253,0.53227299451828,0.20516911149024963,0.8268976807594299
20,0.37987059354782104,0.45894986391067505,-0.18805775046348572,0.9896005392074585,0.3720153868198395,0.4522058069705963,-0.1763312816619873,0.9903762936592102,0.3720797300338745,0.44770362973213196,-0.176380917429924,0.990750253200531,0.3722040057182312,0.44306567311286926,-0.17638491094112396,0.989982008934021,0.37182000279426575,0.46688345074653625,-0.17745892703533173,0.9903028011322021,0.3717133700847626,0.47213655710220337,-0.17744667828083038,0.9905866384506226,0.37167593836784363,0.47726351022720337,-0.17743398249149323,0.9902306795120239,0.37435436248779297,0.4373185932636261,-0.08592808246612549,0.9900782108306885,0.37332379817962646,0.4847421646118164,-0.09202856570482254,0.9909021854400635,0.3865046203136444,0.451467365026474,-0.15249036252498627,0.9900469779968262,0.3861866891384125,0.46744319796562195,-0.1542004942893982,0.9904379844665527,0.4140285551548004,0.40473806858062744,-0.032135091722011566,0.9904844760894775,0.41149964928627014,0.5237630605697632,-0.023385178297758102,0.9899448752403259,0.46443355083465576,0.38700762391090393,-0.044569578021764755,0.9748831987380981,0.45599761605262756,0.5612794160842896,-0.03259497135877609,0.9636134505271912,0.4863760769367218,0.39303314685821533,-0.1956208199262619,0.9760315418243408,0.48634427785873413,0.5619979500770569,-0.17781127989292145,0.9692707657814026,0.49676957726478577,0.38994351029396057,-0.23219625651836395,0.968173086643219,0.49776485562324524,0.5696062445640564,-0.21517600119113922,0.9567654132843018,0.4934428036212921,0.39740416407585144,-0.2580646872520447,0.9700080752372742,0.49664607644081116,0.5605635046958923,-0.2230268269777298,0.9584503769874573,0.4896032214164734,0.4008408784866333,-0.20870929956436157,0.9639054536819458,0.49333974719047546,0.5547324419021606,-0.1839170604944229,0.95073401927948,0.52454674243927,0.4393804371356964,0.00020885468984488398,0.9753258228302002,0.5217024683952332,0.5092692375183105,-9.142795170191675e-05,0.9752700924873352,0.6047598123550415,0.43430620431900024,-0.0547918900847435,0.9068709015846252,0.5990671515464783,0.5190037488937378,0.08492482453584671,0.886737585067749,0.687626302242279,0.4425183832645416,-0.010038692504167557,0.8521655201911926,0.6541199088096619,0.5081342458724976,0.28067514300346375,0.8474901914596558,0.6998133063316345,0.45447400212287903,-0.012242485769093037,0.8279644846916199,0.6629056334495544,0.49931663274765015,0.29413965344429016,0.7972039580345154,0.7118166089057922,0.4081507921218872,-0.1170223131775856,0.8471264839172363,0.6815745234489441,0.5309290885925293,0.21324777603149414,0.8426553606987
21,0.37957316637039185,0.45539188385009766,-0.19764718413352966,0.9906399846076965,0.37157994508743286,0.448436975479126,-0.18549670279026031,0.9913375377655029,0.37167003750801086,0.4438428580760956,-0.1855548769235611,0.9916738867759705,0.3718004822731018,0.43901509046554565,-0.18557359278202057,0.9909823536872864,0.3712519109249115,0.4632180631160736,-0.18638251721858978,0.9912711381912231,0.371101051568985,0.4684284031391144,-0.18636910617351532,0.9915258884429932,0.37103933095932007,0.47351503372192383,-0.18635810911655426,0.9912050366401672,0.37384143471717834,0.4327627122402191,-0.09406735748052597,0.9910678863525391,0.3725365102291107,0.480682373046875,-0.09879668056964874,0.9918093085289001,0.3863671123981476,0.4476345479488373,-0.1616622507572174,0.991041898727417,0.38594579696655273,0.46354639530181885,-0.16294708847999573,0.9913937449455261,0.41402897238731384,0.39983487129211426,-0.03797762840986252,0.991435706615448,0.4110574424266815,0.5214153528213501,-0.028656430542469025,0.9909479022026062,0.46433037519454956,0.38365694880485535,-0.05480044707655907,0.9760644435882568,0.4561910629272461,0.5612205266952515,-0.02577565796673298,0.9652584195137024,0.48946136236190796,0.38776418566703796,-0.2164665013551712,0.9776196479797363,0.49203577637672424,0.5641642808914185,-0.1504231095314026,0.9701019525527954,0.5011555552482605,0.38427790999412537,-0.25539857149124146,0.9700380563735962,0.5039957165718079,0.5732238292694092,-0.1816285401582718,0.9572838544845581,0.498354434967041,0.39275044202804565,-0.2803858816623688,0.9717622399330139,0.50397127866745,0.5636484622955322,-0.2046290785074234,0.9589402079582214,0.49424734711647034,0.39676433801651,-0.2294262796640396,0.9655842185020447,0.50005042552948,0.5576140880584717,-0.1620532125234604,0.9509828090667725,0.5259758830070496,0.43418604135513306,0.0003884553734678775,0.9777912497520447,0.5229864716529846,0.5039604902267456,-0.00027267320547252893,0.9777364730834961,0.606004536151886,0.43142905831336975,-0.05193483829498291,0.9158271551132202,0.6012727618217468,0.5162730813026428,0.07412008941173553,0.8969724774360657,0.6869326829910278,0.4427136182785034,0.029675809666514397,0.866287112236023,0.6533021926879883,0.5080258846282959,0.29126274585723877,0.8604446649551392,0.6986684203147888,0.4549122750759125,0.03245878592133522,0.8402525782585144,0.6609052419662476,0.4996931254863739,0.30773675441741943,0.8029650449752808,0.7130424380302429,0.40948009490966797,-0.07225365191698074,0.8615294098854065,0.6813719272613525,0.5294189453125,0.23046091198921204,0.8559682965278625
22,0.379059374332428,0.4490682780742645,-0.2236965298652649,0.9915750622749329,0.370900958776474,0.4428867697715759,-0.2120790332555771,0.9922016263008118,0.37094396352767944,0.43822160363197327,-0.21213433146476746,0.992503821849823,0.3710135519504547,0.4333854019641876,-0.2121504694223404,0.9918811917304993,0.370510995388031,0.4574885964393616,-0.2139267474412918,0.9921416640281677,0.3703305423259735,0.4629231095314026,-0.21391087770462036,0.9923696517944336,0.3702544569969177,0.46800893545150757,-0.21390050649642944,0.9920802712440491,0.3727191686630249,0.42851439118385315,-0.11971036344766617,0.9919546842575073,0.3714957535266876,0.4761887788772583,-0.12916401028633118,0.9926239848136902,0.385996550321579,0.44193822145462036,-0.18688732385635376,0.9919369220733643,0.3855200409889221,0.45768922567367554,-0.18945203721523285,0.9922536015510559,0.4138390123844147,0.3959295153617859,-0.05663930997252464,0.9922916889190674,0.4104035496711731,0.5188295245170593,-0.054337598383426666,0.9918507933616638,0.46421998739242554,0.3806110620498657,-0.061645861715078354,0.9769471287727356,0.45681604743003845,0.5606426000595093,-0.024842415004968643,0.9673470258712769,0.49376821517944336,0.38477933406829834,-0.21556684374809265,0.9789305329322815,0.4992910325527191,0.5659721493721008,-0.11750133335590363,0.971132218837738,0.5063436031341553,0.38231778144836426,-0.2525632083415985,0.9714252352714539,0.5131603479385376,0.5768676996231079,-0.1429198682308197,0.957914412021637,0.5036419630050659,0.39038223028182983,-0.2771666347980499,0.9730669856071472,0.5134352445602417,0.5665079951286316,-0.16901154816150665,0.9595592021942139,0.4995555579662323,0.3940696716308594,-0.2281312644481659,0.9667472839355469,0.5083813071250916,0.5600905418395996,-0.129171222448349,0.9513751268386841,0.5256577730178833,0.43040165305137634,0.003912519197911024,0.980009138584137,0.5229507088661194,0.501231849193573,-0.0038237902335822582,0.9799526929855347,0.6060588359832764,0.4296336770057678,-0.04609239473938942,0.9234732985496521,0.6003723740577698,0.5135874152183533,0.07147808372974396,0.9053564071655273,0.6869117617607117,0.44266393780708313,0.03923405334353447,0.8784828186035156,0.6502965092658997,0.5093555450439453,0.2828070819377899,0.8705860376358032,0.6989092230796814,0.45520979166030884,0.04166742414236069,0.8503915071487427,0.6565392017364502,0.5033726096153259,0.2985914945602417,0.8019452095031738,0.7124798893928528,0.4100334644317627,-0.060938332229852676,0.8738992810249329,0.6808393001556396,0.5283849835395813,0.21965791285037994,0.86649489402771
23,0.3780337870121002,0.4432450532913208,-0.2454802244901657,0.9924167990684509,0.369871586561203,0.43721723556518555,-0.2334701120853424,0.9929796457290649,0.3699553310871124,0.43234217166900635,-0.23351188004016876,0.9932510852813721,0.370059996843338,0.4277789890766144,-0.23351635038852692,0.9926904439926147,0.36921584606170654,0.45160216093063354,-0.23604749143123627,0.9929256439208984,0.36885055899620056,0.45716890692710876,-0.23603767156600952,0.9931299686431885,0.36859130859375,0.4620891213417053,-0.23602727055549622,0.992868959903717,0.37161141633987427,0.42399153113365173,-0.13835586607456207,0.9927533864974976,0.3695496618747711,0.4711771309375763,-0.151276096701622,0.9933579564094543,0.3852398693561554,0.43654167652130127,-0.20762045681476593,0.9927425384521484,0.38457709550857544,0.4520084261894226,-0.211179718375206,0.9930276274681091,0.4132426083087921,0.391021728515625,-0.07099225372076035,0.9930619597434998,0.4097627103328705,0.5169593691825867,-0.07377172261476517,0.9926632642745972,0.46416205167770386,0.3762233555316925,-0.06502100825309753,0.9779600501060486,0.4579868018627167,0.5594406723976135,-0.025561893358826637,0.9692631959915161,0.49864107370376587,0.3806934356689453,-0.2111113965511322,0.9800546169281006,0.5026658177375793,0.5667019486427307,-0.11810720711946487,0.9719430804252625,0.5131528377532959,0.37830203771591187,-0.24886392056941986,0.9724704623222351,0.5176360607147217,0.5790570974349976,-0.14222949743270874,0.9582257270812988,0.5103604197502136,0.3859071135520935,-0.27081915736198425,0.9740456342697144,0.5178433656692505,0.568086564540863,-0.16963234543800354,0.9598959684371948,0.5053765177726746,0.390170156955719,-0.2231328934431076,0.967602014541626,0.5123998522758484,0.5612592697143555,-0.1300308108329773,0.9514862298965454,0.5254698991775513,0.42675188183784485,0.005108305718749762,0.9820047616958618,0.5231234431266785,0.4976791441440582,-0.005028895102441311,0.9819461107254028,0.6056875586509705,0.4259827733039856,-0.040499888360500336,0.9306021928787231,0.6003021597862244,0.5117350816726685,0.07291445881128311,0.9135504961013794,0.6865452527999878,0.4425050914287567,0.05614291504025459,0.889835000038147,0.6482134461402893,0.5094099640846252,0.29440969228744507,0.8812069892883301,0.6983872056007385,0.4553927481174469,0.05984383076429367,0.8615139126777649,0.6537977457046509,0.503469705581665,0.3111934959888458,0.8072775602340698,0.7118536233901978,0.4105187654495239,-0.04018606245517731,0.885536253452301,0.6806259155273438,0.5282248258590698,0.23276351392269135,0.8773807883262634
24,0.37779751420021057,0.44079700112342834,-0.2499522715806961,0.9931738972663879,0.36935093998908997,0.43423184752464294,-0.23889608681201935,0.9936785697937012,0.36936748027801514,0.4291855990886688,-0.23893840610980988,0.9939219355583191,0.3694060444831848,0.4244556725025177,-0.23894526064395905,0.993416965007782,0.36874231696128845,0.44876915216445923,-0.2414284497499466,0.9936301112174988,0.36833322048187256,0.454183965921402,-0.2414194792509079,0.9938123822212219,0.3680087924003601,0.45902326703071594,-0.24141746759414673,0.9935767650604248,0.37062937021255493,0.4200931191444397,-0.14529924094676971,0.9934677481651306,0.36851850152015686,0.4675039052963257,-0.15792131423950195,0.9940165877342224,0.38482582569122314,0.43346571922302246,-0.21222692728042603,0.9934672117233276,0.3841434717178345,0.4489728808403015,-0.21566714346408844,0.9937239289283752,0.4125412404537201,0.3866312801837921,-0.0758117213845253,0.9937551021575928,0.40891703963279724,0.513999879360199,-0.08295467495918274,0.9933947920799255,0.46432825922966003,0.3727464973926544,-0.06531025469303131,0.9785405993461609,0.45943811535835266,0.5560705661773682,-0.033782005310058594,0.9709699153900146,0.5013739466667175,0.3794773817062378,-0.20675085484981537,0.9808006882667542,0.5064127445220947,0.566591203212738,-0.11625068634748459,0.9724451899528503,0.5165192484855652,0.37792861461639404,-0.2384076565504074,0.9730011224746704,0.5225548148155212,0.5798676609992981,-0.13931460678577423,0.9581142663955688,0.5137423276901245,0.3850483298301697,-0.26581743359565735,0.9745265245437622,0.5226699709892273,0.5685010552406311,-0.1678486168384552,0.9598454833030701,0.5080477595329285,0.38913848996162415,-0.2204982191324234,0.9678614139556885,0.5176130533218384,0.5612595677375793,-0.12842994928359985,0.9512169361114502,0.5256742835044861,0.42444026470184326,0.007297994568943977,0.983801007270813,0.523337721824646,0.4952258765697479,-0.007230372633785009,0.9837407469749451,0.6055189967155457,0.42464107275009155,-0.036462604999542236,0.9368818998336792,0.6003759503364563,0.5090926885604858,0.07208693772554398,0.9206317663192749,0.6868874430656433,0.44171956181526184,0.05774246156215668,0.8998613953590393,0.6460742354393005,0.5093991160392761,0.30210262537002563,0.8895519971847534,0.6986744403839111,0.4555322527885437,0.06138328090310097,0.8710804581642151,0.6510215997695923,0.5036442279815674,0.32005181908607483,0.8083073496818542,0.7122307419776917,0.4097519516944885,-0.03727481886744499,0.8957569599151611,0.6800881028175354,0.5282328724861145,0.24461692571640015,0.8860436081886292
25,0.37705615162849426,0.4370763897895813,-0.2488851398229599,0.9938549995422363,0.3686006963253021,0.43091827630996704,-0.23701706528663635,0.9943068027496338,0.3685920834541321,0.4259662330150604,-0.2370571792125702,0.9945247173309326,0.3686155080795288,0.4213235676288605,-0.23706179857254028,0.9940698742866516,0.3679753839969635,0.4449997544288635,-0.2399613857269287,0.9942631125450134,0.3675311207771301,0.4502546489238739,-0.23995351791381836,0.9944251775741577,0.3671500086784363,0.45514824986457825,-0.23995380103588104,0.9942120313644409,0.36976557970046997,0.41702011227607727,-0.14023694396018982,0.9941064715385437,0.3677198588848114,0.46375030279159546,-0.15494397282600403,0.9946072697639465,0.3841085731983185,0.4298824071884155,-0.2100858986377716,0.9941191673278809,0.38344189524650574,0.44533565640449524,-0.21414074301719666,0.9943503141403198,0.4120221734046936,0.3834826946258545,-0.06774671375751495,0.9943789839744568,0.40841206908226013,0.5116982460021973,-0.08115918189287186,0.9940531849861145,0.4644061326980591,0.36987394094467163,-0.058108262717723846,0.979339063167572,0.46055206656455994,0.5519881844520569,-0.03248521685600281,0.972721517086029,0.5042052865028381,0.37730714678764343,-0.18742337822914124,0.9817807674407959,0.5090224146842957,0.5661035776138306,-0.10393531620502472,0.9728748202323914,0.5202258229255676,0.37582850456237793,-0.21926884353160858,0.9738615155220032,0.5250999331474304,0.5796598792076111,-0.12590216100215912,0.9578828811645508,0.5177280902862549,0.3836776912212372,-0.2459849715232849,0.9753553867340088,0.5253258943557739,0.5687950253486633,-0.15642184019088745,0.9597057700157166,0.5117083787918091,0.3879036605358124,-0.2003590166568756,0.9686007499694824,0.520788311958313,0.5612208247184753,-0.11666948348283768,0.9508967995643616,0.5258914232254028,0.4212469458580017,0.013112824410200119,0.9854175448417664,0.5237337350845337,0.4923125207424164,-0.013061326928436756,0.9853562712669373,0.6058204174041748,0.4242638647556305,-0.027105290442705154,0.9422497749328613,0.6011077165603638,0.5054008364677429,0.053893957287073135,0.9268687963485718,0.6868302226066589,0.44106611609458923,0.08035947382450104,0.9083670973777771,0.6457430124282837,0.5097114443778992,0.29297858476638794,0.8945296406745911,0.6989766359329224,0.4556317925453186,0.08591213822364807,0.8791065812110901,0.6505187749862671,0.5056166052818298,0.31216445565223694,0.799915075302124,0.7120044231414795,0.4099011719226837,-0.009691701270639896,0.9044463038444519,0.6802921891212463,0.5254733562469482,0.23622402548789978,0.8914225101470947
26,0.37503480911254883,0.4363589584827423,-0.23460809886455536,0.9944679737091064,0.36646768450737,0.4292807877063751,-0.22290799021720886,0.9948720932006836,0.3665306270122528,0.42431095242500305,-0.22295691072940826,0.9950673580169678,0.3666056990623474,0.41950270533561707,-0.22296886146068573,0.9946576356887817,0.36561551690101624,0.44375544786453247,-0.22512033581733704,0.994832456111908,0.3650737404823303,0.4490150809288025,-0.2251075953245163,0.9949764609336853,0.36457952857017517,0.45390620827674866,-0.22510971128940582,0.9947834610939026,0.3682040870189667,0.4147222638130188,-0.1291867345571518,0.9946844577789307,0.3652855455875397,0.4619016647338867,-0.1407816857099533,0.9951388239860535,0.38259178400039673,0.4291229248046875,-0.19721509516239166,0.9947060346603394,0.3818081021308899,0.4448966681957245,-0.2003733068704605,0.9949140548706055,0.4109421968460083,0.3810378611087799,-0.060776785016059875,0.994940459728241,0.4070945978164673,0.5095584392547607,-0.0690605416893959,0.9946451187133789,0.4643416404724121,0.36744776368141174,-0.04264095053076744,0.9803089499473572,0.4611830413341522,0.5488237738609314,-0.021273232996463776,0.9736940860748291,0.5056180357933044,0.37456798553466797,-0.1662323772907257,0.9827976822853088,0.5101532340049744,0.5657540559768677,-0.0915520191192627,0.9726718068122864,0.5217915177345276,0.3723275363445282,-0.19781631231307983,0.9748865365982056,0.5265463590621948,0.5794277787208557,-0.11333061754703522,0.9568490386009216,0.5195639729499817,0.3809371292591095,-0.22403451800346375,0.9763278365135193,0.5268332362174988,0.5686996579170227,-0.14417321979999542,0.958791971206665,0.5135109424591064,0.38544243574142456,-0.1786433309316635,0.9696257710456848,0.5227461457252502,0.5608668923377991,-0.10465983301401138,0.9498538374900818,0.5262613892555237,0.4193964898586273,0.012599795125424862,0.9868708252906799,0.5240439772605896,0.49057090282440186,-0.012545080855488777,0.9868079423904419,0.6066496968269348,0.42431768774986267,-0.017089273780584335,0.9470068216323853,0.6031924486160278,0.5025421977043152,0.0335121676325798,0.9327176809310913,0.6866946816444397,0.441395103931427,0.1016593873500824,0.9158234000205994,0.648019552230835,0.5090065002441406,0.25013381242752075,0.9011216759681702,0.6988135576248169,0.45614317059516907,0.10805867612361908,0.8859202265739441,0.6531162858009338,0.5055856704711914,0.2670973241329193,0.797905445098877,0.7118226885795593,0.4097271263599396,0.01732630655169487,0.9118838310241699,0.6836088299751282,0.5243688225746155,0.18866027891635895,0.8978210091590881
27,0.37415850162506104,0.43326377868652344,-0.23787935078144073,0.9950199127197266,0.36564165353775024,0.42624032497406006,-0.22622887790203094,0.9953814148902893,0.3657085597515106,0.42121317982673645,-0.22627882659435272,0.9955565333366394,0.3658011853694916,0.4164273738861084,-0.22628936171531677,0.995187520980835,0.3647423982620239,0.4406972825527191,-0.2285771369934082,0.9953452944755554,0.36415767669677734,0.4461056590080261,-0.2285596877336502,0.995473325252533,0.3636655807495117,0.45101457834243774,-0.22855950891971588,0.9952985644340515,0.36739933490753174,0.41136398911476135,-0.13173112273216248,0.9952064752578735,0.3643949329853058,0.45920929312705994,-0.14376971125602722,0.995617151260376,0.3818354606628418,0.4260517954826355,-0.2000582069158554,0.9952342510223389,0.38105735182762146,0.4419576823711395,-0.20337224006652832,0.9954214692115784,0.4099973440170288,0.37770599126815796,-0.06317589432001114,0.9954458475112915,0.4065932631492615,0.5068536400794983,-0.06967321783304214,0.9951776266098022,0.4643099904060364,0.3656456768512726,-0.043477483093738556,0.9809956550598145,0.46254026889801025,0.545160710811615,-0.020779600366950035,0.9741622805595398,0.5068479180335999,0.37445053458213806,-0.1679590493440628,0.9835090041160583,0.5111882090568542,0.565217137336731,-0.09176749736070633,0.9719609022140503,0.522905707359314,0.3725179433822632,-0.19973057508468628,0.9754056334495544,0.5281147956848145,0.5784310698509216,-0.11356790363788605,0.9552056789398193,0.5209106206893921,0.3809107542037964,-0.22563360631465912,0.9768334031105042,0.528241753578186,0.5679600238800049,-0.14439108967781067,0.9573301672935486,0.515265703201294,0.3850387930870056,-0.18021930754184723,0.9700518846511841,0.5245673060417175,0.5603452324867249,-0.10493604093790054,0.9480997323989868,0.5266802310943604,0.4172697961330414,0.012341802008450031,0.988179087638855,0.5242799520492554,0.48854297399520874,-0.012304704636335373,0.9881144165992737,0.6084152460098267,0.42396506667137146,-0.01175230834633112,0.9515131115913391,0.6030555367469788,0.5002329349517822,0.03865678235888481,0.9382075667381287,0.6866152286529541,0.4411311745643616,0.11180785298347473,0.9232532978057861,0.6510048508644104,0.5058614015579224,0.24420230090618134,0.9089962840080261,0.6984580159187317,0.45526793599128723,0.11858318001031876,0.8936741948127747,0.6561168432235718,0.5036817193031311,0.2594034969806671,0.8022223711013794,0.712164580821991,0.4095800518989563,0.023847395554184914,0.9195709228515625,0.6864670515060425,0.5170524716377258,0.17582263052463531,0.9058313369750977
28,0.37348267436027527,0.4299996793270111,-0.23176074028015137,0.9955165982246399,0.36482933163642883,0.4232388436794281,-0.2202504575252533,0.9958394169807434,0.3648877441883087,0.4182380139827728,-0.22029872238636017,0.995996356010437,0.36497828364372253,0.4134826064109802,-0.22030863165855408,0.9956639409065247,0.3639470636844635,0.43774378299713135,-0.22246763110160828,0.9958063960075378,0.3633837103843689,0.44321197271347046,-0.2224513590335846,0.9959203600883484,0.36293473839759827,0.4481460750102997,-0.22245147824287415,0.9957621693611145,0.3666383624076843,0.4085991382598877,-0.12691481411457062,0.9956752061843872,0.36371323466300964,0.4568246304988861,-0.13884718716144562,0.9960474371910095,0.3811322748661041,0.4227314293384552,-0.1944504827260971,0.9957094788551331,0.38041558861732483,0.438877671957016,-0.1974780112504959,0.9958781003952026,0.40916451811790466,0.3739387094974518,-0.06223079934716225,0.995900571346283,0.4056604504585266,0.5039885640144348,-0.06701906770467758,0.995657205581665,0.4639774262905121,0.3634908199310303,-0.030611567199230194,0.9815292358398438,0.4630781412124634,0.5413902401924133,-0.021757125854492188,0.9747483134269714,0.5064606070518494,0.3734612762928009,-0.14915385842323303,0.9840925335884094,0.5114638805389404,0.5628632307052612,-0.09467531740665436,0.9716260433197021,0.5231398940086365,0.37278082966804504,-0.1800231784582138,0.9757347106933594,0.5286687016487122,0.5778212547302246,-0.11722567677497864,0.9542438983917236,0.5209816694259644,0.3805907964706421,-0.2062915414571762,0.977167010307312,0.5287542939186096,0.5673441290855408,-0.14845497906208038,0.9565303921699524,0.5153900384902954,0.3840811550617218,-0.161625474691391,0.9702945351600647,0.5250941514968872,0.560213029384613,-0.108122318983078,0.9471569061279297,0.5266714692115784,0.41480740904808044,0.013542168773710728,0.9893525242805481,0.5242395997047424,0.4856351613998413,-0.013522508554160595,0.9892861843109131,0.6092355847358704,0.4223179221153259,-0.0034618813078850508,0.9555221199989319,0.6029760837554932,0.49775123596191406,0.02262265421450138,0.9434523582458496,0.6865673661231995,0.4411735534667969,0.11684469133615494,0.9300239682197571,0.6621701717376709,0.5014069080352783,0.18912217020988464,0.9169905781745911,0.6976726651191711,0.45474013686180115,0.12285355478525162,0.9005159735679626,0.6681382060050964,0.5000397562980652,0.19954469799995422,0.8099714517593384,0.7123593688011169,0.40848878026008606,0.026978254318237305,0.9265345335006714,0.6943888068199158,0.5136225819587708,0.10631828010082245,0.9138264060020447
29,0.371435284614563,0.4277752637863159,-0.23386631906032562,0.9959639310836792,0.36272698640823364,0.4211084842681885,-0.2225905805826187,0.9962524771690369,0.3628555238246918,0.4162006378173828,-0.22263766825199127,0.9963932037353516,0.3630150258541107,0.41133785247802734,-0.22264032065868378,0.9960936903953552,0.36186158657073975,0.4358271360397339,-0.22495879232883453,0.9962223172187805,0.3614465594291687,0.44124943017959595,-0.224934384226799,0.9963238835334778,0.3610548973083496,0.44624564051628113,-0.2249358594417572,0.9961809515953064,0.36510053277015686,0.4068949520587921,-0.1291189044713974,0.9961006045341492,0.3622179329395294,0.4552628695964813,-0.1411537081003189,0.9964361786842346,0.3795051872730255,0.42062318325042725,-0.19635505974292755,0.9961374998092651,0.3786463141441345,0.43743038177490234,-0.19965648651123047,0.9962893128395081,0.40843504667282104,0.37089502811431885,-0.06222502514719963,0.996309757232666,0.40527817606925964,0.5030937194824219,-0.06721603870391846,0.9960888028144836,0.46359699964523315,0.35986703634262085,-0.03541458398103714,0.9821260571479797,0.46391186118125916,0.5394030809402466,-0.0226114634424448,0.9753032326698303,0.5063141584396362,0.3721858263015747,-0.15479277074337006,0.9845702648162842,0.5117961764335632,0.5605533719062805,-0.09993204474449158,0.97137451171875,0.5235721468925476,0.3725346028804779,-0.18606965243816376,0.9759299159049988,0.5287958383560181,0.5772597789764404,-0.12347773462533951,0.9535066485404968,0.5210211873054504,0.37947210669517517,-0.21253937482833862,0.9773681163787842,0.5287967324256897,0.5672727227210999,-0.1551532745361328,0.9559647440910339,0.5154428482055664,0.38261961936950684,-0.16733454167842865,0.9704141616821289,0.5252997279167175,0.559376060962677,-0.11381787806749344,0.9465786218643188,0.5266445279121399,0.4123799800872803,0.013345018029212952,0.9904052019119263,0.5242103934288025,0.48453786969184875,-0.013298988342285156,0.9903388619422913,0.6096513271331787,0.4209652543067932,0.003516420256346464,0.9593344330787659,0.6045171022415161,0.49711620807647705,0.01899368315935135,0.9484580159187317,0.6864215135574341,0.44123420119285583,0.12813213467597961,0.9363056421279907,0.6715978980064392,0.4965269863605499,0.17173895239830017,0.9245575070381165,0.6969496011734009,0.45472168922424316,0.13437433540821075,0.9066137075424194,0.679994523525238,0.49422675371170044,0.18052320182323456,0.8199629187583923,0.7126461863517761,0.4053395390510559,0.036554526537656784,0.9329859614372253,0.7026659846305847,0.5113397240638733,0.0834873616695404,0.9213831424713135
30,0.3710488975048065,0.42752334475517273,-0.23869289457798004,0.9963662028312683,0.3622909486293793,0.4203888177871704,-0.22792454063892365,0.9966229200363159,0.36235857009887695,0.41562792658805847,-0.22797857224941254,0.9967485070228577,0.36241739988327026,0.410756915807724,-0.22799038887023926,0.9964785575866699,0.36162063479423523,0.43541401624679565,-0.22955583035945892,0.9965955018997192,0.36127641797065735,0.44077879190444946,-0.2295442372560501,0.9966853857040405,0.36095768213272095,0.44598159193992615,-0.2295534610748291,0.9965566396713257,0.3644324839115143,0.4056932032108307,-0.13385939598083496,0.9964808821678162,0.3620593249797821,0.45398950576782227,-0.14242155849933624,0.996783971786499,0.37916648387908936,0.4197365939617157,-0.20057877898216248,0.9965221285820007,0.37844792008399963,0.43697240948677063,-0.20297661423683167,0.9966588020324707,0.40782877802848816,0.3680438995361328,-0.06326416879892349,0.9966773986816406,0.40488776564598083,0.5012483596801758,-0.0649305135011673,0.9964774250984192,0.46310287714004517,0.35656261444091797,-0.03456071391701698,0.9823538661003113,0.46381649374961853,0.5368690490722656,-0.0169787909835577,0.9755110740661621,0.5057154297828674,0.3708353042602539,-0.14567916095256805,0.9844246506690979,0.5122244358062744,0.5577071905136108,-0.09976838529109955,0.9711819887161255,0.5230392217636108,0.37172043323516846,-0.17503532767295837,0.9750065803527832,0.5291499495506287,0.5751177668571472,-0.12411055713891983,0.952937126159668,0.5205074548721313,0.37798574566841125,-0.2033998817205429,0.9765082001686096,0.529086172580719,0.5654046535491943,-0.15599285066127777,0.9556073546409607,0.5149108171463013,0.38087570667266846,-0.1586754024028778,0.9692093729972839,0.5256543755531311,0.5572571158409119,-0.1139090359210968,0.9462345242500305,0.5265972018241882,0.41078901290893555,0.009530216455459595,0.9913390278816223,0.5241754651069641,0.4830101728439331,-0.009495317004621029,0.9912801384925842,0.610608696937561,0.4214327037334442,0.0037202048115432262,0.9624239802360535,0.6069926619529724,0.4960765838623047,0.0002997811825480312,0.9528905153274536,0.6867015957832336,0.44245269894599915,0.1317950338125229,0.941560685634613,0.6810855865478516,0.49260780215263367,0.13029800355434418,0.9314306974411011,0.6971251368522644,0.45477625727653503,0.13827331364154816,0.910378098487854,0.689864993095398,0.48927780985832214,0.13632358610630035,0.8296403288841248,0.7130873799324036,0.40532276034355164,0.041908130049705505,0.9384074211120605,0.711503803730011,0.5115684866905212,0.03493671864271164,0.9282165765762329
31,0.37103912234306335,0.4275602102279663,-0.22959034144878387,0.9967278242111206,0.36230093240737915,0.4200652241706848,-0.21897193789482117,0.9969547986984253,0.36240026354789734,0.41527917981147766,-0.2190409004688263,0.9970663189888,0.3624214231967926,0.4107040464878082,-0.21907448768615723,0.9968230724334717,0.36169034242630005,0.43540894985198975,-0.21932794153690338,0.9969301819801331,0.36142832040786743,0.44084030389785767,-0.2193301022052765,0.9970089197158813,0.36110877990722656,0.4462255835533142,-0.21935071051120758,0.9968934059143066,0.36431795358657837,0.40468475222587585,-0.12457356601953506,0.9968221187591553,0.3622100055217743,0.45395800471305847,-0.12724994122982025,0.9970955848693848,0.3791061043739319,0.4194933772087097,-0.1910066455602646,0.9968680739402771,0.37841087579727173,0.4372394382953644,-0.19172920286655426,0.9969912171363831,0.4070722460746765,0.3669278919696808,-0.05622625723481178,0.9970079660415649,0.40449583530426025,0.5000877976417542,-0.04593699797987938,0.9968271851539612,0.4619958996772766,0.35314157605171204,-0.029195664450526237,0.9826247096061707,0.4637654423713684,0.5356804132461548,0.0029554786160588264,0.9757426381111145,0.5056367516517639,0.3710811734199524,-0.13997432589530945,0.9840553402900696,0.5118213891983032,0.5556771755218506,-0.08368079364299774,0.9709529280662537,0.5228267908096313,0.3725879192352295,-0.16999658942222595,0.9737861752510071,0.5292218327522278,0.5734015703201294,-0.1089034229516983,0.9523160457611084,0.5202021598815918,0.3788210451602936,-0.1981685757637024,0.9753004908561707,0.5290083289146423,0.5634250640869141,-0.14065293967723846,0.955197274684906,0.5146580934524536,0.38150811195373535,-0.15288537740707397,0.9675366282463074,0.5254322290420532,0.5552671551704407,-0.09803680330514908,0.9458807110786438,0.5266879796981812,0.41025450825691223,0.005167637951672077,0.9921659827232361,0.5242170095443726,0.4823795557022095,-0.00509479409083724,0.9921236038208008,0.6119660139083862,0.42106518149375916,-0.004073575604707003,0.9653478264808655,0.6110637784004211,0.4961566627025604,-0.011571110226213932,0.9569248557090759,0.6870746612548828,0.4430457651615143,0.1280042678117752,0.9460543394088745,0.69117271900177,0.4898569881916046,0.11769581586122513,0.937617301940918,0.6972569227218628,0.454770028591156,0.1355338990688324,0.9122756719589233,0.7004572749137878,0.48561662435531616,0.12337782979011536,0.8384935855865479,0.7130520343780518,0.4065883457660675,0.03918851166963577,0.9429876804351807,0.719884991645813,0.5098975896835327,0.017959333956241608,0.9342550039291382
32,0.37102648615837097,0.42781582474708557,-0.22712492942810059,0.9970528483390808,0.3621819317340851,0.4198966920375824,-0.21597060561180115,0.9972517490386963,0.3623194992542267,0.41505393385887146,-0.2160518765449524,0.99735027551651,0.3623945116996765,0.41064369678497314,-0.2160923182964325,0.9971310496330261,0.36147645115852356,0.4350120723247528,-0.21577668190002441,0.9972298741340637,0.3612121045589447,0.44030728936195374,-0.2157830148935318,0.9972976446151733,0.3608868718147278,0.44563373923301697,-0.21581466495990753,0.9971941709518433,0.36431121826171875,0.4041442275047302,-0.12023399025201797,0.9971271753311157,0.3618856966495514,0.452911913394928,-0.12074396759271622,0.9973723292350769,0.3787901699542999,0.42001524567604065,-0.18815229833126068,0.9971793293952942,0.3781245946884155,0.437737375497818,-0.1881934255361557,0.9972901344299316,0.40651363134384155,0.36656951904296875,-0.053152088075876236,0.9973052740097046,0.4045928120613098,0.499666690826416,-0.04136756807565689,0.9971417784690857,0.4611719250679016,0.3502609431743622,-0.03222961351275444,0.9831860661506653,0.46368080377578735,0.5342456102371216,0.006545424927026033,0.9759461283683777,0.5050263404846191,0.3705156743526459,-0.14935700595378876,0.9841294884681702,0.5132638812065125,0.5536491274833679,-0.08381742984056473,0.9709757566452026,0.5221874117851257,0.37301376461982727,-0.18011873960494995,0.9734829664230347,0.5304625034332275,0.5714616775512695,-0.11088549345731735,0.9521888494491577,0.5192764401435852,0.379440039396286,-0.2003255933523178,0.9749501347541809,0.530009388923645,0.5614727139472961,-0.14231634140014648,0.9552258849143982,0.5136414170265198,0.3818341791629791,-0.15999101102352142,0.9669365286827087,0.5265626311302185,0.5536497235298157,-0.09818180650472641,0.9459646940231323,0.5273832082748413,0.4092802107334137,0.0042204768396914005,0.9928897619247437,0.5253481864929199,0.4815962016582489,-0.0041313753463327885,0.9928765892982483,0.6130536198616028,0.42124202847480774,-0.004087292123585939,0.9676517248153687,0.6153887510299683,0.49651196599006653,-0.017997991293668747,0.9605050086975098,0.6869835257530212,0.44221246242523193,0.14476102590560913,0.9493634700775146,0.6978594064712524,0.4866447150707245,0.10816381126642227,0.9431248307228088,0.6972796320915222,0.4526495337486267,0.1537783443927765,0.9120792746543884,0.7094465494155884,0.4798095226287842,0.11334267258644104,0.8469452857971191,0.7127532958984375,0.4072202146053314,0.05716751888394356,0.9464753866195679,0.7263050675392151,0.5070856809616089,0.0028353522066026926,0.939498245716095
33,0.3704158067703247,0.4285260736942291,-0.2163013517856598,0.9973462820053101,0.3616775572299957,0.42066270112991333,-0.20299702882766724,0.9975217580795288,0.36184290051460266,0.41581806540489197,-0.20306746661663055,0.9976093173027039,0.361977756023407,0.41135480999946594,-0.20308977365493774,0.9974116086959839,0.36101850867271423,0.4355699419975281,-0.20341990888118744,0.9975027441978455,0.3608139753341675,0.44089406728744507,-0.20343396067619324,0.9975622296333313,0.36059677600860596,0.4461478888988495,-0.203473761677742,0.9974693655967712,0.3641335368156433,0.40411409735679626,-0.1044529527425766,0.9974042773246765,0.36187803745269775,0.4528765380382538,-0.10708526521921158,0.9976269602775574,0.37809404730796814,0.42045074701309204,-0.17717604339122772,0.9974598288536072,0.3775504231452942,0.438220739364624,-0.17784050107002258,0.9975597262382507,0.4064444899559021,0.36576047539711,-0.034751977771520615,0.9975724220275879,0.40472936630249023,0.4986869990825653,-0.03626801073551178,0.9974256753921509,0.4609571695327759,0.34715530276298523,-0.020895743742585182,0.9837597608566284,0.46366631984710693,0.5325564742088318,0.005986169911921024,0.9768194556236267,0.5051602125167847,0.36804935336112976,-0.1470709592103958,0.9845190048217773,0.513843297958374,0.5509279370307922,-0.08586759120225906,0.9720058441162109,0.5226394534111023,0.3711901605129242,-0.178928405046463,0.9737625122070312,0.53132563829422,0.5672785639762878,-0.11424589157104492,0.9536259770393372,0.5195491909980774,0.37819698452949524,-0.2061139941215515,0.9751713275909424,0.5307916402816772,0.5569776892662048,-0.14460428059101105,0.9566549062728882,0.5137373805046082,0.3805212378501892,-0.1599510759115219,0.9670581221580505,0.5271852016448975,0.5501314997673035,-0.09962354600429535,0.9475236535072327,0.5285192728042603,0.4073200225830078,0.006997174117714167,0.9935270547866821,0.527110755443573,0.47961392998695374,-0.006909709889441729,0.9935665130615234,0.6150252223014832,0.4211655557155609,0.016032395884394646,0.9688484072685242,0.6184918284416199,0.49649855494499207,-0.04784499853849411,0.963811457157135,0.6872942447662354,0.4414576590061188,0.17292143404483795,0.9517015218734741,0.7073681950569153,0.48339271545410156,0.05501203611493111,0.9481819272041321,0.6979439854621887,0.4507524073123932,0.18264196813106537,0.9115927815437317,0.7186841368675232,0.47575435042381287,0.05752198025584221,0.8553159236907959,0.7126849293708801,0.4087443947792053,0.08966194093227386,0.9492250680923462,0.7350553870201111,0.5071950554847717,-0.058346644043922424,0.9442586302757263
34,0.3697124123573303,0.4293682277202606,-0.21440060436725616,0.9976105690002441,0.3608957529067993,0.42165765166282654,-0.20109699666500092,0.9977662563323975,0.36095473170280457,0.4168333411216736,-0.20116570591926575,0.9978444576263428,0.36099207401275635,0.4122042953968048,-0.20117995142936707,0.9976661801338196,0.36052581667900085,0.43664661049842834,-0.20190852880477905,0.9977495670318604,0.360421359539032,0.44198694825172424,-0.20191717147827148,0.9978019595146179,0.36035531759262085,0.44718021154403687,-0.20194695889949799,0.9977181553840637,0.36294275522232056,0.4049266576766968,-0.10216344892978668,0.9976567029953003,0.361855685710907,0.4540834128856659,-0.10656293481588364,0.9978586435317993,0.3771725594997406,0.4211014211177826,-0.17516525089740753,0.9977126121520996,0.3768901824951172,0.4389462172985077,-0.1763305366039276,0.9978026747703552,0.40605688095092773,0.36499840021133423,-0.028236011043190956,0.9978136420249939,0.40483951568603516,0.4991292357444763,-0.03966701030731201,0.9976819157600403,0.4608354866504669,0.3452267050743103,-0.018093006685376167,0.9843180179595947,0.4641464352607727,0.5319471955299377,0.0012609370751306415,0.977602481842041,0.504999577999115,0.36764833331108093,-0.14966066181659698,0.9850234985351562,0.5156392455101013,0.5494855046272278,-0.08790894597768784,0.9725579619407654,0.5222278237342834,0.37174439430236816,-0.18222716450691223,0.9743325710296631,0.5326871275901794,0.5647363066673279,-0.11599360406398773,0.9544291496276855,0.5190668702125549,0.37852001190185547,-0.2101009339094162,0.9756722450256348,0.5322161316871643,0.554520308971405,-0.14584633708000183,0.9574688673019409,0.5133703351020813,0.3803914785385132,-0.16271546483039856,0.9676094055175781,0.5285442471504211,0.5484258532524109,-0.10123997181653976,0.948316216468811,0.5296682119369507,0.4075530171394348,0.01684313267469406,0.9941086173057556,0.5281733274459839,0.47972220182418823,-0.01678149774670601,0.9941926598548889,0.6161150336265564,0.4210871160030365,0.053979985415935516,0.9681263566017151,0.6186730265617371,0.49593302607536316,-0.053179118782281876,0.9668030142784119,0.6872316002845764,0.4391864240169525,0.20840279757976532,0.9526430368423462,0.7093545198440552,0.48367807269096375,0.02769441157579422,0.9525930285453796,0.6980071663856506,0.4480651319026947,0.2182382196187973,0.9119319915771484,0.7211169600486755,0.4766368865966797,0.028263527899980545,0.8617101311683655,0.7122856378555298,0.40480682253837585,0.1324707716703415,0.9507607221603394,0.7348689436912537,0.5039913654327393,-0.08717869222164154,0.9481789469718933
35,0.3696051239967346,0.42964065074920654,-0.21596759557724,0.9978485107421875,0.36088186502456665,0.42183059453964233,-0.203142449259758,0.997986376285553,0.3608792722225189,0.41707146167755127,-0.2032056450843811,0.9980561137199402,0.3609011471271515,0.41261178255081177,-0.2032185196876526,0.997895359992981,0.36064910888671875,0.4367952346801758,-0.20402242243289948,0.9979718327522278,0.3605727255344391,0.4423104524612427,-0.20402908325195312,0.9980179071426392,0.36053335666656494,0.4476477801799774,-0.20405453443527222,0.997942328453064,0.36272957921028137,0.4053129553794861,-0.10549772530794144,0.9978835582733154,0.36201217770576477,0.4546535313129425,-0.10937556624412537,0.9980672597885132,0.37682241201400757,0.4217816889286041,-0.17721226811408997,0.997940182685852,0.37672945857048035,0.4394274353981018,-0.17853400111198425,0.9980213046073914,0.4061887860298157,0.3647267520427704,-0.03183053806424141,0.9980308413505554,0.4051417112350464,0.4993360638618469,-0.04156298562884331,0.997912585735321,0.4609416127204895,0.34321868419647217,-0.020181983709335327,0.9850532412528992,0.4648774266242981,0.5316861271858215,-0.00186702620703727,0.9785327315330505,0.5059537291526794,0.36565032601356506,-0.15145732462406158,0.9857391119003296,0.5177606344223022,0.5479934215545654,-0.09167668223381042,0.9734170436859131,0.5231908559799194,0.37014347314834595,-0.18404170870780945,0.975275456905365,0.5347680449485779,0.5619068741798401,-0.1193743571639061,0.9555831551551819,0.5198765993118286,0.37713488936424255,-0.21256594359874725,0.9765433073043823,0.5344566106796265,0.5515283346176147,-0.14905712008476257,0.958577036857605,0.5142555832862854,0.37890660762786865,-0.1647314429283142,0.9686300158500671,0.530495822429657,0.5459452271461487,-0.10492362827062607,0.9494600892066956,0.5305241942405701,0.40507805347442627,0.01831590011715889,0.9946364760398865,0.5297752022743225,0.4777078628540039,-0.01826499029994011,0.9947593212127686,0.6173295974731445,0.41913896799087524,0.057477984577417374,0.9685303568840027,0.6195488572120667,0.494937926530838,-0.053353771567344666,0.9696321487426758,0.6876328587532043,0.4376586079597473,0.21040868759155273,0.9546716213226318,0.7096415758132935,0.48311710357666016,0.030543139204382896,0.9567542672157288,0.698682963848114,0.44747957587242126,0.21976815164089203,0.9140318036079407,0.7209765315055847,0.47628530859947205,0.03124130517244339,0.8688992261886597,0.7124537229537964,0.40101131796836853,0.13137558102607727,0.9529944658279419,0.7336754202842712,0.4989811182022095,-0.08393620699644089,0.952100396156311
36,0.36842426657676697,0.42983949184417725,-0.2195911556482315,0.9980629682540894,0.3601178526878357,0.422288179397583,-0.2050122618675232,0.9981854557991028,0.3601820170879364,0.417466402053833,-0.20506201684474945,0.9982478618621826,0.36029064655303955,0.4128715693950653,-0.2050524204969406,0.9981029033660889,0.3599697947502136,0.4372042119503021,-0.2052401751279831,0.9981727600097656,0.35996776819229126,0.44277867674827576,-0.20526263117790222,0.9982135891914368,0.36007776856422424,0.44814950227737427,-0.20529736578464508,0.998145341873169,0.3624938130378723,0.4058636724948883,-0.10725649446249008,0.9980896711349487,0.36206862330436707,0.4551582336425781,-0.1119748130440712,0.9982567429542542,0.3759576082229614,0.4222436547279358,-0.18077880144119263,0.9981452822685242,0.3758106827735901,0.4395788609981537,-0.18139661848545074,0.9982184171676636,0.40621620416641235,0.364474356174469,-0.0353318527340889,0.998226523399353,0.4064982235431671,0.49980270862579346,-0.04585372656583786,0.9981206059455872,0.46138235926628113,0.3408936858177185,-0.022273441776633263,0.9857185482978821,0.4671670198440552,0.5318475961685181,-0.0029633338563144207,0.979523241519928,0.5063802003860474,0.3636542856693268,-0.15889106690883636,0.9863435626029968,0.5203221440315247,0.547092616558075,-0.09365538507699966,0.9742922186851501,0.5238222479820251,0.3687826991081238,-0.19231754541397095,0.9760531187057495,0.5375983715057373,0.5605960488319397,-0.12100125104188919,0.9568489193916321,0.5204071402549744,0.3758470416069031,-0.22208274900913239,0.9772552251815796,0.5375505685806274,0.5497859716415405,-0.1506858468055725,0.9597821831703186,0.5147871375083923,0.3775177299976349,-0.17244814336299896,0.9694263935089111,0.5330309867858887,0.5442640781402588,-0.10688368231058121,0.9506797194480896,0.5323072671890259,0.4031224250793457,0.020397214218974113,0.995125412940979,0.5316617488861084,0.4765157699584961,-0.02036622166633606,0.995276153087616,0.6188926100730896,0.41723355650901794,0.08110066503286362,0.9690052270889282,0.6211696863174438,0.49385392665863037,-0.07417499274015427,0.9724000096321106,0.6881397366523743,0.43623214960098267,0.2502238154411316,0.9571242332458496,0.7115296125411987,0.48208075761795044,0.0010035040322691202,0.9606986045837402,0.6990995407104492,0.446816623210907,0.2612515985965729,0.9173405766487122,0.7229655385017395,0.47620928287506104,0.0008560849819332361,0.8765539526939392,0.7124278545379639,0.40000462532043457,0.17421527206897736,0.955586850643158,0.7360145449638367,0.4909728467464447,-0.1169818565249443,0.9560146927833557
